frame,numero_pers,joint,x,y,confience
0,0,0,1920.04,606.899,0.839885
0,0,1,1920.03,648.127,0.8742479999999999
0,0,2,1866.97,648.133,0.881099
0,0,3,1855.05,730.776,0.9842789999999999
0,0,4,1896.37,777.829,0.937726
0,0,5,1978.97,642.365,0.873649
0,0,6,1996.32,724.685,0.920704
0,0,7,1955.49,772.011,0.9511879999999999
0,0,8,1920.03,771.924,0.8684769999999999
0,0,9,1890.61,771.95,0.880683
0,0,10,1861.02,830.915,0.809066
0,0,11,1855.25,966.373,0.876811
0,0,12,1955.43,771.851,0.9148149999999999
0,0,13,1978.9,830.661,0.7735179999999999
0,0,14,1978.94,966.274,0.8169759999999999
0,0,15,1908.45,589.583,0.921711
0,0,16,1943.31,589.564,0.8923439999999999
0,0,17,1902.2,589.566,0.835328
0,0,18,1949.7,589.626,0.852166
0,0,19,1961.22,1007.16,0.7008200000000001
0,0,20,1996.29,1001.54,0.705911
0,0,21,1978.79,978.029,0.6301939999999999
0,0,22,1855.38,1007.47,0.7297239999999999
0,0,23,1831.74,1007.17,0.660763
0,0,24,1861.06,977.959,0.714213
0,1,0,1166.22,1007.43,0.9386049999999999
0,1,1,1213.48,1030.91,0.839394
0,1,2,1178.04,1019.25,0.815112
0,1,3,1154.45,1095.49,0.7708809999999999
0,1,4,1142.87,1107.3,0.875575
0,1,5,1254.87,1042.68,0.8519589999999999
0,1,6,1289.98,1131.03,0.892762
0,1,7,1201.5,1142.7,0.9154200000000001
0,1,8,1242.77,1189.84,0.919051
0,1,9,1202.02,1189.74,0.8827659999999999
0,1,10,1219.42,1301.99,0.815384
0,1,11,1331.14,1348.99,0.863224
0,1,12,1260.64,1189.99,0.85806
0,1,13,1242.56,1331.05,0.929952
0,1,14,1248.54,1466.63,0.8944059999999999
0,1,15,1160.36,1001.22,0.514073
0,1,16,1183.97,1001.34,0.880254
0,1,17,0,0,0
0,1,18,1213.36,989.602,0.8378200000000001
0,1,19,1195.89,1484.58,0.873732
0,1,20,1219.31,1496.14,0.813256
0,1,21,1254.76,1478.42,0.791643
0,1,22,1331.12,1407.71,0.7428049999999999
0,1,23,1331.03,1395.95,0.763501
0,1,24,1342.87,1348.86,0.796751
0,2,0,2497.05,1814.18,0.659538
0,2,1,2615.12,1855.07,0.90746
0,2,2,2656.14,1807.85,0.883041
0,2,3,2602.91,1896.45,0.547748
0,2,4,2520.88,1943.43,0.821619
0,2,5,2591.19,1902.39,0.808504
0,2,6,2526.69,2090.62,0.887195
0,2,7,2391,2149.74,0.793574
0,2,8,2655.77,2149.71,0.5712229999999999
0,2,9,2691.24,2149.64,0.458955
0,2,10,0,0,0
0,2,11,0,0,0
0,2,12,2615.01,2149.75,0.595528
0,2,13,2520.76,2149.76,0.11412299999999999
0,2,14,0,0,0
0,2,15,0,0,0
0,2,16,2508.68,1808.03,0.7169179999999999
0,2,17,0,0,0
0,2,18,2555.72,1802.34,0.801006
0,2,19,0,0,0
0,2,20,0,0,0
0,2,21,0,0,0
0,2,22,0,0,0
0,2,23,0,0,0
0,2,24,0,0,0
1,0,0,1154.39,1007.55,0.9742419999999999
1,0,1,1201.84,1036.76,0.875536
1,0,2,1160.42,1019.35,0.846097
1,0,3,1148.57,1095.75,0.7853800000000001
1,0,4,1119.29,1101.27,0.791345
1,0,5,1248.73,1048.6,0.9046339999999999
1,0,6,1260.68,1148.45,0.886075
1,0,7,1178.19,1130.92,0.8479679999999999
1,0,8,1230.95,1195.58,0.878575
1,0,9,1195.9,1189.9,0.913882
1,0,10,1195.62,1307.65,0.9026989999999999
1,0,11,1289.74,1349.11,0.840687
1,0,12,1248.95,1195.78,0.913987
1,0,13,1236.95,1331.14,0.878478
1,0,14,1248.64,1466.69,0.9157369999999999
1,0,15,1148.8,1001.38,0.41955899999999996
1,0,16,1160.5,1001.56,0.9000119999999999
1,0,17,0,0,0
1,0,18,1201.53,1001.26,0.9004329999999999
1,0,19,1195.87,1484.49,0.9787
1,0,20,1219.37,1496.13,0.859557
1,0,21,1260.67,1478.33,0.759647
1,0,22,1295.68,1396.09,0.5606059999999999
1,0,23,1289.93,1390.08,0.570473
1,0,24,1301.74,1348.88,0.800723
1,1,0,1920.02,606.901,0.8405549999999999
1,1,1,1920.04,648.142,0.874092
1,1,2,1866.98,648.141,0.880115
1,1,3,1855.06,730.776,0.9875069999999999
1,1,4,1896.32,777.841,0.934566
1,1,5,1978.96,642.383,0.8732789999999999
1,1,6,1996.31,724.742,0.9282279999999999
1,1,7,1955.46,772.036,0.9547059999999999
1,1,8,1920,771.933,0.870263
1,1,9,1890.56,771.955,0.880976
1,1,10,1861.12,836.715,0.8067259999999999
1,1,11,1855.26,966.408,0.883262
1,1,12,1955.41,771.866,0.917995
1,1,13,1978.78,830.81,0.774276
1,1,14,1978.96,966.309,0.8232539999999999
1,1,15,1908.44,589.581,0.9217839999999999
1,1,16,1937.76,589.574,0.891111
1,1,17,1902.22,589.56,0.8253729999999999
1,1,18,1949.7,589.636,0.854634
1,1,19,1961.18,1007.21,0.719413
1,1,20,1996.26,1007.07,0.7197300000000001
1,1,21,1978.85,978.043,0.640829
1,1,22,1855.35,1007.49,0.745803
1,1,23,1831.7,1007.17,0.676628
1,1,24,1861.08,977.982,0.726646
1,2,0,2467.79,1814.35,0.567819
1,2,1,2608.57,1855.41,0.8814179999999999
1,2,2,2626.58,1802.04,0.7817879999999999
1,2,3,2579.42,1919.98,0.42669599999999996
1,2,4,2508.91,1949.34,0.80864
1,2,5,2567.5,1908.2,0.8263349999999999
1,2,6,2508.75,2090.43,0.868451
1,2,7,2349.93,2149.79,0.658704
1,2,8,2620.61,2149.74,0.539629
1,2,9,2661.78,2149.66,0.440436
1,2,10,0,0,0
1,2,11,0,0,0
1,2,12,2591.21,2149.77,0.519923
1,2,13,2479.35,2149.76,0.0673542
1,2,14,0,0,0
1,2,15,2467.92,1808.21,0.05777
1,2,16,2473.46,1808.07,0.599389
1,2,17,2562.09,1772.95,0.0755634
1,2,18,2520.54,1807.91,0.7433259999999999
1,2,19,0,0,0
1,2,20,0,0,0
1,2,21,0,0,0
1,2,22,0,0,0
1,2,23,0,0,0
1,2,24,0,0,0
2,0,0,1919.94,606.882,0.842017
2,0,1,1920.02,648.124,0.874626
2,0,2,1866.95,648.128,0.8817039999999999
2,0,3,1855.05,730.768,0.988718
2,0,4,1896.33,777.848,0.9341569999999999
2,0,5,1978.96,642.366,0.873054
2,0,6,1996.33,724.721,0.928763
2,0,7,1955.47,772.034,0.955888
2,0,8,1919.98,771.913,0.8717
2,0,9,1890.55,771.935,0.879859
2,0,10,1861.1,836.578,0.811148
2,0,11,1855.25,966.383,0.8816400000000001
2,0,12,1955.4,771.843,0.9173159999999999
2,0,13,1978.91,825.072,0.781227
2,0,14,1984.72,966.145,0.8302379999999999
2,0,15,1908.38,589.572,0.926658
2,0,16,1937.68,589.555,0.889133
2,0,17,1902.17,589.541,0.8260719999999999
2,0,18,1949.65,589.601,0.864072
2,0,19,1961.32,1007.11,0.695182
2,0,20,1996.35,1001.45,0.709749
2,0,21,1984.61,977.842,0.640682
2,0,22,1855.32,1007.55,0.7490709999999999
2,0,23,1831.63,1007.22,0.684109
2,0,24,1861.06,977.955,0.726576
2,1,0,1142.68,1007.56,0.9513889999999999
2,1,1,1196.02,1042.54,0.8923709999999999
2,1,2,1154.72,1025.12,0.8467359999999999
2,1,3,1142.64,1107.32,0.755234
2,1,4,1107.48,1101.27,0.8102469999999999
2,1,5,1237.09,1048.57,0.884331
2,1,6,1243.03,1148.51,0.9558989999999999
2,1,7,1154.75,1113.4,0.918539
2,1,8,1201.94,1196,0.919524
2,1,9,1184.04,1195.76,0.889459
2,1,10,1154.61,1301.99,0.885782
2,1,11,1248.91,1366.55,0.8484800000000001
2,1,12,1242.63,1201.62,0.914925
2,1,13,1225.22,1336.91,0.827355
2,1,14,1248.52,1460.83,0.9088919999999999
2,1,15,1136.81,1001.27,0.168754
2,1,16,1148.64,1007.02,0.9489489999999999
2,1,17,0,0,0
2,1,18,1189.67,1001.26,0.870327
2,1,19,1195.87,1490.06,1.01105
2,1,20,1219.27,1496.14,0.8743500000000001
2,1,21,1260.6,1478.14,0.784246
2,1,22,1237.04,1419.45,0.448042
2,1,23,1242.7,1401.76,0.41262299999999996
2,1,24,1278.29,1366.44,0.703649
2,2,0,2444.13,1825.92,0.601305
2,2,1,2567.97,1855.13,0.896592
2,2,2,2608.8,1802.05,0.8239400000000001
2,2,3,2561.72,1902.49,0.45678599999999997
2,2,4,2485.26,1949.27,0.765268
2,2,5,2549.88,1902.54,0.800318
2,2,6,2473.33,2084.87,0.892594
2,2,7,2332.45,2149.8,0.583028
2,2,8,2614.68,2149.72,0.5536789999999999
2,2,9,2656.01,2108.49,0.463364
2,2,10,2467.31,2149.72,0.0521417
2,2,11,0,0,0
2,2,12,2579.46,2149.76,0.550972
2,2,13,2467.4,2149.68,0.10625899999999999
2,2,14,0,0,0
2,2,15,0,0,0
2,2,16,2449.95,1813.8,0.682012
2,2,17,0,0,0
2,2,18,2497,1807.88,0.801361
2,2,19,0,0,0
2,2,20,0,0,0
2,2,21,0,0,0
2,2,22,0,0,0
2,2,23,0,0,0
2,2,24,0,0,0
3,0,0,1131.06,1013,0.9383849999999999
3,0,1,1195.58,1042.74,0.882693
3,0,2,1148.89,1030.97,0.838004
3,0,3,1142.61,1107.53,0.7147939999999999
3,0,4,1107.29,1101.66,0.847752
3,0,5,1231.18,1054.11,0.868556
3,0,6,1237.06,1148.6,0.913067
3,0,7,1148.78,1107.59,0.966951
3,0,8,1201.6,1195.99,0.9497939999999999
3,0,9,1172.24,1195.72,0.879479
3,0,10,1148.84,1307.6,0.8944249999999999
3,0,11,1248.57,1383.89,0.8798189999999999
3,0,12,1236.95,1201.6,0.9014089999999999
3,0,13,1225.29,1337.08,0.835523
3,0,14,1248.63,1466.59,0.9127400000000001
3,0,15,1119.3,1001.41,0.309155
3,0,16,1142.83,1007.11,0.94232
3,0,17,0,0,0
3,0,18,1178.08,1001.37,0.860363
3,0,19,1195.94,1490.13,1.01424
3,0,20,1219.37,1496.2,0.868749
3,0,21,1266.47,1478.1,0.7955369999999999
3,0,22,1213.36,1431.21,0.508095
3,0,23,1207.75,1425.29,0.46773099999999995
3,0,24,1272.3,1378.39,0.6849109999999999
3,1,0,1920.11,606.939,0.837171
3,1,1,1920.02,648.131,0.876004
3,1,2,1866.94,648.117,0.884662
3,1,3,1854.99,730.765,0.9797929999999999
3,1,4,1896.3,777.737,0.940946
3,1,5,1978.98,642.367,0.876467
3,1,6,1996.33,724.911,0.9365549999999999
3,1,7,1955.38,777.446,0.951635
3,1,8,1919.97,772.032,0.870995
3,1,9,1890.55,772.044,0.8779739999999999
3,1,10,1861.22,842.562,0.76751
3,1,11,1855.16,971.94,0.8409669999999999
3,1,12,1955.39,771.952,0.918802
3,1,13,1967.24,824.95,0.782864
3,1,14,1967.08,966.257,0.817874
3,1,15,1908.49,589.603,0.9177000000000001
3,1,16,1943.36,589.587,0.8914749999999999
3,1,17,1902.18,589.568,0.846063
3,1,18,1949.7,589.627,0.823716
3,1,19,1955.4,1007.14,0.6370979999999999
3,1,20,1984.84,1001.47,0.611715
3,1,21,1961.26,977.96,0.608042
3,1,22,1855.39,1007.56,0.648833
3,1,23,1837.45,1007.25,0.595167
3,1,24,1860.95,978.03,0.6674019999999999
3,2,0,2432.23,1831.76,0.493677
3,2,1,2562.04,1855.42,0.911503
3,2,2,2597.11,1790.55,0.7698269999999999
3,2,3,2555.79,1914.06,0.41501499999999997
3,2,4,2473.46,1949.61,0.6892
3,2,5,2526.37,1914.19,0.768277
3,2,6,2461.53,2084.82,0.837495
3,2,7,2332.29,2149.81,0.5073949999999999
3,2,8,2608.73,2149.71,0.5452549999999999
3,2,9,2650.12,2102.73,0.420073
3,2,10,0,0,0
3,2,11,0,0,0
3,2,12,2567.7,2149.76,0.585441
3,2,13,2467.34,2149.72,0.14740799999999998
3,2,14,0,0,0
3,2,15,0,0,0
3,2,16,2432.34,1814.01,0.557086
3,2,17,2520.54,1784.52,0.06352139999999999
3,2,18,2479.51,1808.3,0.7421209999999999
3,2,19,0,0,0
3,2,20,0,0,0
3,2,21,0,0,0
3,2,22,0,0,0
3,2,23,0,0,0
3,2,24,0,0,0
4,0,0,1113.44,1012.98,0.962796
4,0,1,1183.92,1048.42,0.8472959999999999
4,0,2,1148.57,1036.78,0.797956
4,0,3,1125.14,1101.78,0.644965
4,0,4,1101.38,1101.33,0.797171
4,0,5,1207.74,1054.19,0.8737419999999999
4,0,6,1201.93,1148.91,0.9467479999999999
4,0,7,1142.69,1101.67,0.946738
4,0,8,1195.7,1201.5,0.946449
4,0,9,1154.88,1195.8,0.926659
4,0,10,1136.91,1313.6,0.858555
4,0,11,1201.97,1419.5,0.876898
4,0,12,1219.36,1201.85,0.851042
4,0,13,1219.36,1337.35,0.8746849999999999
4,0,14,1248.9,1460.7,0.897065
4,0,15,1107.64,1001.51,0.40663299999999997
4,0,16,1130.98,1007.05,0.8988689999999999
4,0,17,0,0,0
4,0,18,1160.47,1001.45,0.893131
4,0,19,1201.62,1490.32,0.8932669999999999
4,0,20,1236.75,1496.07,0.772708
4,0,21,1260.66,1472.5,0.851812
4,0,22,1172.25,1466.68,0.8478629999999999
4,0,23,1166.34,1448.87,0.799499
4,0,24,1231,1425.42,0.65876
4,1,0,1920.07,606.921,0.8375900000000001
4,1,1,1920.02,648.125,0.8758659999999999
4,1,2,1866.91,648.097,0.8867729999999999
4,1,3,1854.98,730.784,0.977568
4,1,4,1896.3,777.778,0.936954
4,1,5,1984.62,642.381,0.8762900000000001
4,1,6,1996.32,730.364,0.938469
4,1,7,1955.34,777.478,0.950888
4,1,8,1919.97,772.043,0.8734900000000001
4,1,9,1890.54,772.055,0.8782409999999999
4,1,10,1861.16,836.739,0.777592
4,1,11,1855.27,966.436,0.8431000000000001
4,1,12,1955.4,771.966,0.919604
4,1,13,1967.25,824.819,0.796997
4,1,14,1967.25,966.218,0.8187329999999999
4,1,15,1908.47,589.582,0.920684
4,1,16,1943.34,589.57,0.889504
4,1,17,1902.17,589.529,0.846564
4,1,18,1949.69,589.599,0.832884
4,1,19,1955.52,1007.11,0.642058
4,1,20,1990.57,1001.42,0.627707
4,1,21,1967.07,977.872,0.612084
4,1,22,1855.43,1007.58,0.649153
4,1,23,1837.51,1007.26,0.597924
4,1,24,1861.07,978.002,0.670617
4,2,0,2414.57,1849.23,0.706514
4,2,1,2538.21,1855.45,0.8422029999999999
4,2,2,2567.9,1790.42,0.788786
4,2,3,2520.7,1943.39,0.154689
4,2,4,2467.3,1972.96,0.167128
4,2,5,2508.61,1914.24,0.781261
4,2,6,2426.4,2090.47,0.9127700000000001
4,2,7,2326.28,2149.8,0.49599499999999996
4,2,8,2602.96,2102.53,0.582564
4,2,9,2632.38,2084.9,0.488174
4,2,10,2444.02,2149.78,0.0842049
4,2,11,0,0,0
4,2,12,2567.85,2149.68,0.63473
4,2,13,2432.22,2149.75,0.0852006
4,2,14,0,0,0
4,2,15,2402.8,1825.78,0.0552278
4,2,16,2420.28,1819.79,0.7346769999999999
4,2,17,0,0,0
4,2,18,2461.77,1808.38,0.788686
4,2,19,0,0,0
4,2,20,0,0,0
4,2,21,0,0,0
4,2,22,0,0,0
4,2,23,0,0,0
4,2,24,0,0,0
5,0,0,1101.82,1012.99,1.00468
5,0,1,1160.64,1048.54,0.873259
5,0,2,1142.66,1042.63,0.7700319999999999
5,0,3,1119.34,1101.57,0.506633
5,0,4,1095.57,1089.75,0.549773
5,0,5,1201.46,1054.38,0.9566589999999999
5,0,6,1190,1148.93,0.931426
5,0,7,1107.78,1101.26,0.914584
5,0,8,1189.75,1201.82,0.908198
5,0,9,1154.33,1201.6,0.9428989999999999
5,0,10,1113.59,1325.18,0.8638779999999999
5,0,11,1189.69,1436.95,0.9151100000000001
5,0,12,1207.62,1207.54,0.873417
5,0,13,1207.78,1342.88,0.9103589999999999
5,0,14,1248.75,1472.31,0.919408
5,0,15,1101.53,1001.56,0.25512599999999996
5,0,16,1107.7,1007.13,0.9516779999999999
5,0,17,0,0,0
5,0,18,1148.94,1007.01,0.9584539999999999
5,0,19,1195.72,1484.52,0.943701
5,0,20,1213.46,1490.33,0.8217629999999999
5,0,21,1260.61,1478.31,0.9032279999999999
5,0,22,1142.75,1478.08,0.854695
5,0,23,1142.65,1460.69,0.7534449999999999
5,0,24,1201.6,1437.39,0.7734789999999999
5,1,0,1920.05,606.909,0.8373809999999999
5,1,1,1920.01,648.13,0.8756309999999999
5,1,2,1866.92,648.123,0.884303
5,1,3,1854.99,730.816,0.975142
5,1,4,1896.32,777.779,0.931881
5,1,5,1978.97,642.363,0.8759779999999999
5,1,6,1996.34,724.925,0.9374509999999999
5,1,7,1955.38,777.471,0.952314
5,1,8,1919.98,772.02,0.867398
5,1,9,1890.55,772.038,0.8730859999999999
5,1,10,1861.06,836.713,0.775708
5,1,11,1855.18,971.933,0.8348300000000001
5,1,12,1955.41,771.933,0.914376
5,1,13,1973.04,824.853,0.77046
5,1,14,1967.19,966.186,0.7972859999999999
5,1,15,1908.45,589.579,0.9205909999999999
5,1,16,1943.31,589.562,0.8870889999999999
5,1,17,1902.16,589.533,0.8444069999999999
5,1,18,1949.66,589.598,0.825199
5,1,19,1955.58,1001.55,0.6034700000000001
5,1,20,1990.59,1001.35,0.602167
5,1,21,1961.35,977.883,0.5839989999999999
5,1,22,1855.38,1013.08,0.641965
5,1,23,1831.73,1007.34,0.592013
5,1,24,1860.97,978.056,0.6640600000000001
5,2,0,2379.45,1854.96,0.66391
5,2,1,2514.92,1855.42,0.8960859999999999
5,2,2,2550.03,1784.59,0.734464
5,2,3,2520.48,1931.7,0.0789232
5,2,4,0,0,0
5,2,5,2473.73,1914.28,0.802948
5,2,6,2397,2090.76,0.8738619999999999
5,2,7,2302.81,2149.82,0.338232
5,2,8,2585.38,2102.74,0.614309
5,2,9,2626.47,2090.85,0.5530889999999999
5,2,10,0,0,0
5,2,11,0,0,0
5,2,12,2561.73,2149.68,0.638728
5,2,13,0,0,0
5,2,14,0,0,0
5,2,15,0,0,0
5,2,16,2379.5,1825.74,0.656895
5,2,17,0,0,0
5,2,18,2426.52,1814.17,0.783706
5,2,19,0,0,0
5,2,20,0,0,0
5,2,21,0,0,0
5,2,22,0,0,0
5,2,23,0,0,0
5,2,24,0,0,0
6,0,0,1101.48,1013.1,0.984649
6,0,1,1154.73,1048.58,0.915481
6,0,2,1131.09,1042.68,0.763462
6,0,3,1119.2,1101.76,0.620686
6,0,4,1089.72,1089.71,0.6067049999999999
6,0,5,1195.64,1054.43,0.9655500000000001
6,0,6,1178.19,1154.46,0.8913139999999999
6,0,7,1107.4,1101.38,0.948021
6,0,8,1178.1,1207.53,0.8734029999999999
6,0,9,1148.61,1201.92,0.9335169999999999
6,0,10,1107.51,1331.02,0.934503
6,0,11,1160.49,1437.35,0.922825
6,0,12,1201.91,1207.75,0.8868039999999999
6,0,13,1207.47,1342.92,0.951785
6,0,14,1248.79,1472.32,0.9398829999999999
6,0,15,1095.7,1001.57,0.302939
6,0,16,1107.28,1007.23,0.985108
6,0,17,0,0,0
6,0,18,1148.55,1007.01,0.950823
6,0,19,1195.8,1490.22,0.885255
6,0,20,1219.33,1496.08,0.8081539999999999
6,0,21,1266.44,1478.38,0.9205369999999999
6,0,22,1107.76,1478.67,0.927593
6,0,23,1107.78,1472.6,0.875923
6,0,24,1189.96,1448.98,0.7579739999999999
6,1,0,1920.07,601.206,0.837847
6,1,1,1920.04,648.148,0.87516
6,1,2,1866.97,648.152,0.8802869999999999
6,1,3,1855,730.822,0.984609
6,1,4,1896.27,777.844,0.931045
6,1,5,1984.6,642.372,0.875242
6,1,6,1996.35,724.837,0.939553
6,1,7,1955.39,772.112,0.960996
6,1,8,1920,771.943,0.8703569999999999
6,1,9,1890.56,771.965,0.8782639999999999
6,1,10,1861,836.677,0.796674
6,1,11,1855.27,966.413,0.865278
6,1,12,1955.41,771.864,0.916234
6,1,13,1978.82,824.98,0.777567
6,1,14,1973.07,966.223,0.8144979999999999
6,1,15,1908.47,589.526,0.9242589999999999
6,1,16,1943.32,589.506,0.8921089999999999
6,1,17,1902.2,589.536,0.845861
6,1,18,1949.7,589.578,0.83823
6,1,19,1955.59,1007.15,0.695097
6,1,20,1990.73,1001.48,0.68227
6,1,21,1972.91,977.927,0.6184339999999999
6,1,22,1855.4,1007.52,0.697881
6,1,23,1831.78,1007.22,0.63563
6,1,24,1861.11,978.001,0.699955
6,2,0,2379.36,1855.26,0.596015
6,2,1,2508.92,1855.3,0.864684
6,2,2,2538.23,1778.65,0.767431
6,2,3,2526.44,1937.6,0.07771
6,2,4,0,0,0
6,2,5,2467.73,1914.13,0.8142809999999999
6,2,6,2385.21,2090.77,0.904666
6,2,7,2302.75,2149.82,0.317793
6,2,8,2591.22,2096.84,0.628002
6,2,9,2632.35,2084.87,0.555819
6,2,10,0,0,0
6,2,11,0,0,0
6,2,12,2561.78,2149.65,0.617968
6,2,13,0,0,0
6,2,14,0,0,0
6,2,15,0,0,0
6,2,16,2379.42,1837.55,0.562086
6,2,17,2467.63,1773.02,0.057626399999999994
6,2,18,2426.27,1814.26,0.781886
6,2,19,0,0,0
6,2,20,0,0,0
6,2,21,0,0,0
6,2,22,0,0,0
6,2,23,0,0,0
6,2,24,0,0,0
7,0,0,1920.02,601.196,0.839831
7,0,1,1920.04,648.149,0.875274
7,0,2,1866.96,648.147,0.881628
7,0,3,1855.02,730.816,0.9856800000000001
7,0,4,1896.26,777.85,0.930828
7,0,5,1978.99,642.39,0.8726800000000001
7,0,6,1996.34,724.89,0.9401419999999999
7,0,7,1955.34,777.438,0.958143
7,0,8,1919.97,771.969,0.871177
7,0,9,1890.53,771.988,0.8781589999999999
7,0,10,1861.07,836.694,0.794867
7,0,11,1855.29,971.956,0.858167
7,0,12,1955.4,771.895,0.918659
7,0,13,1973.02,825.099,0.7792479999999999
7,0,14,1973,966.338,0.814815
7,0,15,1908.44,589.513,0.9280339999999999
7,0,16,1937.75,589.512,0.890138
7,0,17,1902.2,589.523,0.841455
7,0,18,1949.67,589.588,0.835073
7,0,19,1955.54,1007.22,0.689556
7,0,20,1990.66,1007.07,0.675626
7,0,21,1967.16,983.761,0.620275
7,0,22,1855.45,1007.55,0.686
7,0,23,1837.53,1007.26,0.627602
7,0,24,1861.11,983.748,0.691425
7,1,0,1083.92,1013.39,0.915821
7,1,1,1154.29,1054.29,0.927511
7,1,2,1125.12,1048.57,0.760037
7,1,3,1107.53,1107.6,0.575819
7,1,4,1072.26,1095.65,0.574997
7,1,5,1183.85,1054.57,0.903177
7,1,6,1154.6,1154.65,0.977188
7,1,7,1101.37,1101.33,0.9820439999999999
7,1,8,1154.88,1213.49,0.892003
7,1,9,1136.78,1207.65,0.856329
7,1,10,1107.26,1337.1,0.990375
7,1,11,1113.37,1472.56,0.915885
7,1,12,1195.71,1219.35,0.879089
7,1,13,1201.62,1343.1,0.9596349999999999
7,1,14,1248.63,1460.8,0.913439
7,1,15,1066.48,1007.39,0.20804799999999998
7,1,16,1095.61,1007.48,0.9466789999999999
7,1,17,0,0,0
7,1,18,1125.19,1007.33,0.8997189999999999
7,1,19,1195.72,1490.14,0.9422149999999999
7,1,20,1225.14,1496.05,0.808236
7,1,21,1260.69,1472.54,0.8410829999999999
7,1,22,1060.4,1490.28,0.829329
7,1,23,1060.4,1484.14,0.849223
7,1,24,1136.95,1478.64,0.8927229999999999
7,2,0,2349.94,1861.06,0.43637000000000004
7,2,1,2479.48,1855.22,0.8388100000000001
7,2,2,2520.61,1772.92,0.7480100000000001
7,2,3,2514.76,1943.49,0.0651032
7,2,4,0,0,0
7,2,5,2455.74,1920.16,0.742139
7,2,6,2373.34,2090.97,0.91078
7,2,7,2291.07,2149.82,0.265899
7,2,8,2573.76,2096.81,0.599293
7,2,9,2614.85,2079,0.519542
7,2,10,0,0,0
7,2,11,0,0,0
7,2,12,2561.6,2149.66,0.598124
7,2,13,0,0,0
7,2,14,0,0,0
7,2,15,0,0,0
7,2,16,2349.77,1849.22,0.42447199999999996
7,2,17,2432.22,1790.45,0.072658
7,2,18,2390.98,1825.87,0.620037
7,2,19,0,0,0
7,2,20,0,0,0
7,2,21,0,0,0
7,2,22,0,0,0
7,2,23,0,0,0
7,2,24,0,0,0
8,0,0,1919.95,601.192,0.8432200000000001
8,0,1,1920.04,648.153,0.8738900000000001
8,0,2,1866.97,648.131,0.8807919999999999
8,0,3,1855.03,730.784,0.9871300000000001
8,0,4,1896.23,777.859,0.9260200000000001
8,0,5,1978.97,642.407,0.8699629999999999
8,0,6,1996.36,724.837,0.9403819999999999
8,0,7,1955.41,772.094,0.957869
8,0,8,1919.98,771.966,0.871815
8,0,9,1890.55,771.982,0.8808809999999999
8,0,10,1861.11,842.56,0.789231
8,0,11,1855.26,966.445,0.85857
8,0,12,1955.41,771.898,0.918496
8,0,13,1972.93,830.695,0.7812319999999999
8,0,14,1972.98,966.288,0.8245439999999999
8,0,15,1908.4,589.505,0.932503
8,0,16,1937.69,589.513,0.890081
8,0,17,1902.19,589.503,0.827765
8,0,18,1949.66,589.604,0.848592
8,0,19,1955.51,1007.17,0.707209
8,0,20,1990.63,1001.52,0.686133
8,0,21,1967.2,978.006,0.630092
8,0,22,1855.4,1007.48,0.6828409999999999
8,0,23,1837.48,1007.18,0.6207849999999999
8,0,24,1861.07,978.023,0.69452
8,1,0,1060.64,1019.29,0.9059600000000001
8,1,1,1136.98,1060.14,0.8756849999999999
8,1,2,1107.36,1054.57,0.816917
8,1,3,1095.74,1113.47,0.478929
8,1,4,1060.52,1095.65,0.44727000000000006
8,1,5,1160.33,1060.48,0.910257
8,1,6,1136.77,1154.73,0.875934
8,1,7,1077.96,1101.2,0.9016369999999999
8,1,8,1148.84,1231.18,0.9085249999999999
8,1,9,1113.42,1225.25,0.8368369999999999
8,1,10,1101.52,1348.92,0.934587
8,1,11,1083.87,1484.15,0.891969
8,1,12,1178.14,1236.93,0.843816
8,1,13,1195.84,1348.91,0.934404
8,1,14,1248.53,1454.93,0.912002
8,1,15,1060.19,1013.03,0.34196299999999996
8,1,16,1072.19,1013.03,0.906403
8,1,17,0,0,0
8,1,18,1107.67,1012.96,0.954267
8,1,19,1195.83,1490.23,0.911254
8,1,20,1225.17,1496.02,0.8087500000000001
8,1,21,1260.51,1466.69,0.842893
8,1,22,1013.45,1507.83,0.792275
8,1,23,1019.05,1490.11,0.810488
8,1,24,1101.29,1496.15,0.8779089999999999
8,2,0,2332.21,1867.08,0.32025899999999996
8,2,1,2473.28,1861.07,0.891106
8,2,2,2508.9,1778.63,0.759648
8,2,3,2479.29,1920.06,0.09261699999999999
8,2,4,2414.61,1984.74,0.101917
8,2,5,2426.68,1943.6,0.767977
8,2,6,2338.28,2096.97,0.8397089999999999
8,2,7,2279.17,2149.82,0.29678699999999997
8,2,8,2573.73,2096.51,0.650094
8,2,9,2614.87,2061.35,0.588942
8,2,10,0,0,0
8,2,11,0,0,0
8,2,12,2550.11,2149.64,0.55764
8,2,13,0,0,0
8,2,14,0,0,0
8,2,15,0,0,0
8,2,16,2332.15,1855.37,0.436799
8,2,17,2420.59,1802.18,0.12564799999999998
8,2,18,2373.41,1855.06,0.811716
8,2,19,0,0,0
8,2,20,0,0,0
8,2,21,0,0,0
8,2,22,0,0,0
8,2,23,0,0,0
8,2,24,0,0,0
9,0,0,1920.03,606.867,0.83984
9,0,1,1920.06,648.133,0.8728539999999999
9,0,2,1866.97,648.134,0.8797729999999999
9,0,3,1855,730.752,0.9816079999999999
9,0,4,1890.67,777.72,0.928712
9,0,5,1984.61,642.378,0.8736569999999999
9,0,6,1996.38,724.896,0.9401229999999999
9,0,7,1955.33,777.475,0.945896
9,0,8,1920.08,772.04,0.864579
9,0,9,1890.65,772.069,0.879964
9,0,10,1861.31,854.155,0.7655719999999999
9,0,11,1855.24,966.456,0.8511289999999999
9,0,12,1955.48,771.948,0.9105719999999999
9,0,13,1978.96,825.094,0.754713
9,0,14,1967.13,966.313,0.780822
9,0,15,1908.44,589.546,0.9246169999999999
9,0,16,1943.3,589.536,0.890488
9,0,17,1902.17,589.541,0.832557
9,0,18,1949.69,589.606,0.839081
9,0,19,1955.54,1007.19,0.6153529999999999
9,0,20,1990.58,1001.5,0.608548
9,0,21,1961.19,977.988,0.573458
9,0,22,1855.44,1013.03,0.66539
9,0,23,1837.47,1007.27,0.6107859999999999
9,0,24,1860.99,977.984,0.681273
9,1,0,1060.26,1019.29,0.9010389999999999
9,1,1,1125.02,1060.32,0.8707509999999999
9,1,2,1101.57,1054.7,0.8211900000000001
9,1,3,1095.68,1113.3,0.482188
9,1,4,1060.13,1095.72,0.41323899999999997
9,1,5,1154.48,1060.67,0.936817
9,1,6,1113.48,1166.48,0.853536
9,1,7,1066.24,1101.64,0.9509719999999999
9,1,8,1148.55,1236.76,0.898077
9,1,9,1107.66,1225.29,0.868416
9,1,10,1101.3,1348.93,0.922678
9,1,11,1060.37,1484.08,0.9602839999999999
9,1,12,1166.48,1236.95,0.8478800000000001
9,1,13,1195.64,1348.9,0.9275829999999999
9,1,14,1248.54,1460.66,0.913943
9,1,15,1060.08,1013.06,0.23155099999999998
9,1,16,1066.18,1013.12,0.914449
9,1,17,0,0,0
9,1,18,1107.17,1013.13,0.961341
9,1,19,1195.98,1490.26,0.894165
9,1,20,1230.98,1490.41,0.810549
9,1,21,1260.54,1472.34,0.859379
9,1,22,1013.17,1513.66,0.768057
9,1,23,1007.52,1490.29,0.8162419999999999
9,1,24,1072.1,1496.08,0.8413569999999999
9,2,0,0,0,0
9,2,1,2467.34,1861.19,0.8646929999999999
9,2,2,2502.8,1772.86,0.772898
9,2,3,2467.54,1920.07,0.1912
9,2,4,2391.14,1984.78,0.137377
9,2,5,2420.56,1949.34,0.753145
9,2,6,2332.2,2102.51,0.8667579999999999
9,2,7,2279.28,2149.82,0.289118
9,2,8,2573.67,2096.61,0.616282
9,2,9,2614.78,2061.32,0.550746
9,2,10,0,0,0
9,2,11,0,0,0
9,2,12,2550.05,2149.66,0.552092
9,2,13,0,0,0
9,2,14,0,0,0
9,2,15,0,0,0
9,2,16,0,0,0
9,2,17,2402.86,1802.02,0.333405
9,2,18,2355.67,1855.51,0.726803
9,2,19,0,0,0
9,2,20,0,0,0
9,2,21,0,0,0
9,2,22,0,0,0
9,2,23,0,0,0
9,2,24,0,0,0
10,0,0,1920.06,606.867,0.838353
10,0,1,1920.06,648.128,0.873562
10,0,2,1866.97,648.136,0.880292
10,0,3,1855,730.752,0.980462
10,0,4,1890.61,777.715,0.923719
10,0,5,1984.6,642.372,0.873846
10,0,6,1996.39,724.892,0.942666
10,0,7,1955.32,777.466,0.9487549999999999
10,0,8,1920.01,772.001,0.8684259999999999
10,0,9,1890.58,772.025,0.8775879999999999
10,0,10,1861.16,842.518,0.7800739999999999
10,0,11,1855.19,966.387,0.855853
10,0,12,1955.41,771.916,0.9157559999999999
10,0,13,1984.64,824.963,0.76502
10,0,14,1978.77,966.109,0.777023
10,0,15,1908.46,589.552,0.922364
10,0,16,1943.32,589.543,0.8904409999999999
10,0,17,1902.19,589.545,0.837754
10,0,18,1949.7,589.605,0.836444
10,0,19,1961.3,1001.51,0.595658
10,0,20,1996.28,1001.29,0.604193
10,0,21,1967.14,972.205,0.5690419999999999
10,0,22,1855.38,1013.01,0.6715800000000001
10,0,23,1831.68,1007.26,0.617813
10,0,24,1860.94,977.919,0.6916629999999999
10,1,0,1048.36,1025.13,0.8500169999999999
10,1,1,1107.34,1066.13,0.9307019999999999
10,1,2,1066.36,1060.31,0.803557
10,1,3,1060.28,1107.68,0.519923
10,1,4,1042.66,1101.52,0.25451399999999996
10,1,5,1148.51,1072.06,0.903262
10,1,6,1107.21,1172.17,0.920665
10,1,7,1054.62,1101.68,0.977266
10,1,8,1130.89,1242.62,0.878374
10,1,9,1101.53,1237.02,0.923225
10,1,10,1072.27,1372.34,0.843336
10,1,11,1054.52,1490.33,0.924639
10,1,12,1154.67,1242.73,0.915913
10,1,13,1184.07,1354.64,0.8726079999999999
10,1,14,1248.6,1460.7,0.9153500000000001
10,1,15,1042.64,1013.41,0.233928
10,1,16,1054.4,1013.39,0.9275209999999999
10,1,17,0,0,0
10,1,18,1095.56,1013.58,0.893152
10,1,19,1196.03,1490.37,0.896076
10,1,20,1231.08,1496.03,0.812418
10,1,21,1266.36,1472.36,0.866644
10,1,22,995.652,1525.44,0.7857959999999999
10,1,23,1001.36,1519.4,0.762555
10,1,24,1060.49,1519.64,0.882938
10,2,0,2320.29,1890.51,0.106816
10,2,1,2449.87,1861.02,0.83503
10,2,2,2479.41,1772.72,0.7881319999999999
10,2,3,2479.43,1902.24,0.118132
10,2,4,2385.3,1973,0.12068799999999999
10,2,5,2414.5,1949.4,0.770311
10,2,6,2326.04,2102.56,0.8168529999999999
10,2,7,2273.26,2149.85,0.18551399999999998
10,2,8,2573.53,2102.45,0.5968129999999999
10,2,9,2614.59,2073.09,0.517786
10,2,10,0,0,0
10,2,11,0,0,0
10,2,12,2555.72,2149.69,0.604497
10,2,13,0,0,0
10,2,14,0,0,0
10,2,15,0,0,0
10,2,16,2302.64,1861.14,0.172653
10,2,17,2379.26,1802.04,0.15939
10,2,18,2337.98,1855.51,0.798437
10,2,19,0,0,0
10,2,20,0,0,0
10,2,21,0,0,0
10,2,22,0,0,0
10,2,23,0,0,0
10,2,24,0,0,0
11,0,0,1920.08,606.865,0.837649
11,0,1,1920.05,648.13,0.8729079999999999
11,0,2,1866.99,648.124,0.880068
11,0,3,1855,730.712,0.980008
11,0,4,1890.61,777.689,0.92566
11,0,5,1978.98,642.381,0.873212
11,0,6,1996.37,724.935,0.942055
11,0,7,1955.3,777.468,0.947799
11,0,8,1920,772.005,0.868686
11,0,9,1890.58,772.014,0.8780359999999999
11,0,10,1861.17,842.5,0.77366
11,0,11,1855.22,966.341,0.857625
11,0,12,1955.41,771.931,0.9164
11,0,13,1978.94,830.613,0.749887
11,0,14,1972.92,966.312,0.775264
11,0,15,1908.48,589.556,0.922473
11,0,16,1943.33,589.549,0.892185
11,0,17,1902.2,589.565,0.8422219999999999
11,0,18,1949.68,589.635,0.8309400000000001
11,0,19,1955.57,1007.2,0.6180100000000001
11,0,20,1990.64,1001.55,0.609533
11,0,21,1961.32,983.688,0.567881
11,0,22,1855.38,1007.54,0.661019
11,0,23,1831.71,1007.19,0.604424
11,0,24,1860.98,977.861,0.689811
11,1,0,1024.94,1042.68,0.856278
11,1,1,1101.53,1066.35,0.894623
11,1,2,1066.42,1060.67,0.7942049999999999
11,1,3,1054.36,1136.95,0.5441549999999999
11,1,4,1025.12,1107.42,0.483174
11,1,5,1125.12,1072.02,0.855352
11,1,6,1095.62,1178.07,0.867462
11,1,7,1048.45,1107.25,0.986078
11,1,8,1107.54,1242.86,0.9553349999999999
11,1,9,1083.92,1242.79,0.8887069999999999
11,1,10,1060.44,1378.05,0.9099419999999999
11,1,11,1054.24,1519.47,0.9154439999999999
11,1,12,1142.87,1242.97,0.899181
11,1,13,1166.44,1378.18,0.879921
11,1,14,1243,1454.87,0.911451
11,1,15,1019.03,1024.98,0.141583
11,1,16,1036.9,1019.21,0.841402
11,1,17,0,0,0
11,1,18,1066.35,1019.12,0.889755
11,1,19,1195.95,1495.98,0.890689
11,1,20,1231.04,1490.35,0.806411
11,1,21,1254.73,1466.47,0.843861
11,1,22,995.514,1543.25,0.759328
11,1,23,995.546,1531.45,0.8127409999999999
11,1,24,1060.3,1531.16,0.945194
11,2,0,2291.09,1896.24,0.355193
11,2,1,2426.54,1861.32,0.872904
11,2,2,2461.72,1778.63,0.7352949999999999
11,2,3,2520.45,1820.15,0.148513
11,2,4,0,0,0
11,2,5,2402.77,1949.4,0.7757189999999999
11,2,6,2291.19,2149.63,0.710147
11,2,7,0,0,0
11,2,8,2567.84,2102.48,0.59477
11,2,9,2609,2078.98,0.512411
11,2,10,0,0,0
11,2,11,0,0,0
11,2,12,2549.89,2149.68,0.593638
11,2,13,0,0,0
11,2,14,0,0,0
11,2,15,0,0,0
11,2,16,2285.33,1861.48,0.488317
11,2,17,2373.59,1808.07,0.10688099999999999
11,2,18,2331.98,1861.02,0.865274
11,2,19,0,0,0
11,2,20,0,0,0
11,2,21,0,0,0
11,2,22,0,0,0
11,2,23,0,0,0
11,2,24,0,0,0
12,0,0,1920.04,601.183,0.8429449999999999
12,0,1,1920.06,648.153,0.873184
12,0,2,1866.97,648.154,0.8797619999999999
12,0,3,1855.03,730.791,0.988375
12,0,4,1890.67,777.831,0.9222549999999999
12,0,5,1984.64,642.41,0.8728539999999999
12,0,6,1996.34,724.967,0.9424500000000001
12,0,7,1955.28,777.485,0.956792
12,0,8,1919.96,771.945,0.8735179999999999
12,0,9,1890.52,771.956,0.8810709999999999
12,0,10,1860.94,830.843,0.8305009999999999
12,0,11,1855.28,966.241,0.8858269999999999
12,0,12,1955.38,771.881,0.919105
12,0,13,1973.05,825.031,0.78976
12,0,14,1978.86,966.15,0.819855
12,0,15,1908.45,589.51,0.9318559999999999
12,0,16,1937.76,589.503,0.8959119999999999
12,0,17,1902.19,589.549,0.849537
12,0,18,1949.69,589.596,0.850814
12,0,19,1961.15,1007.07,0.689091
12,0,20,1990.76,1001.41,0.693333
12,0,21,1978.81,977.874,0.623219
12,0,22,1855.37,1007.44,0.723923
12,0,23,1831.73,1007.11,0.654269
12,0,24,1861.09,972.244,0.729232
12,1,0,1013.54,1048.34,0.8965400000000001
12,1,1,1089.78,1072.19,0.827198
12,1,2,1054.61,1066.14,0.782906
12,1,3,1048.4,1136.74,0.352429
12,1,4,1019.3,1113.33,0.307455
12,1,5,1113.36,1083.78,0.873197
12,1,6,1089.77,1183.93,0.8567589999999999
12,1,7,1030.97,1107.62,0.91644
12,1,8,1101.65,1243.06,0.976667
12,1,9,1066.27,1242.89,0.914913
12,1,10,1054.53,1383.91,0.9602719999999999
12,1,11,1054.14,1519.67,0.9104289999999999
12,1,12,1131.01,1248.55,0.882172
12,1,13,1154.57,1383.8,0.9621919999999999
12,1,14,1242.73,1454.77,0.894486
12,1,15,1013.42,1019.29,0.194986
12,1,16,1025.15,1019.37,0.834611
12,1,17,0,0,0
12,1,18,1060.62,1024.96,0.8860669999999999
12,1,19,1195.91,1496.02,0.8986449999999999
12,1,20,1225.19,1490.37,0.810055
12,1,21,1249.09,1460.64,0.844761
12,1,22,989.6,1549.14,0.7772249999999999
12,1,23,989.756,1531.6,0.817759
12,1,24,1060.17,1531.33,0.964565
12,2,0,2290.87,1896.42,0.15391000000000002
12,2,1,2426.28,1861.42,0.8578359999999999
12,2,2,2461.51,1772.89,0.711841
12,2,3,2514.64,1825.88,0.23968799999999998
12,2,4,2514.78,1825.76,0.0501261
12,2,5,2385.36,1949.62,0.7786879999999999
12,2,6,2296.86,2102.75,0.772488
12,2,7,2249.74,2149.81,0.32928
12,2,8,2567.73,2096.73,0.614323
12,2,9,2608.85,2067.22,0.521959
12,2,10,0,0,0
12,2,11,0,0,0
12,2,12,2538.3,2149.67,0.594101
12,2,13,0,0,0
12,2,14,0,0,0
12,2,15,0,0,0
12,2,16,2285.03,1867.01,0.24820899999999999
12,2,17,2367.56,1808.12,0.170751
12,2,18,2326.15,1861.21,0.849706
12,2,19,0,0,0
12,2,20,0,0,0
12,2,21,0,0,0
12,2,22,0,0,0
12,2,23,0,0,0
12,2,24,0,0,0
13,0,0,1007.17,1054.18,0.905956
13,0,1,1060.59,1072.19,0.8831239999999999
13,0,2,1030.89,1066.14,0.782887
13,0,3,1013.37,1131.01,0.555179
13,0,4,1001.35,1107.48,0.413597
13,0,5,1101.77,1083.96,0.902419
13,0,6,1066.11,1189.73,0.913862
13,0,7,1013.32,1107.76,0.941321
13,0,8,1089.78,1248.77,0.9026139999999999
13,0,9,1054.56,1248.69,0.9417329999999999
13,0,10,1036.85,1384.02,0.887968
13,0,11,1048.67,1519.69,0.905998
13,0,12,1113.35,1248.87,0.904643
13,0,13,1142.85,1384.46,0.972912
13,0,14,1225.13,1443.18,0.863367
13,0,15,1001.44,1036.77,0.144444
13,0,16,1012.98,1036.87,0.870826
13,0,17,0,0,0
13,0,18,1054.25,1025.09,0.8970969999999999
13,0,19,1195.92,1507.88,0.8892979999999999
13,0,20,1225.11,1496,0.821665
13,0,21,1243.09,1443.01,0.8891300000000001
13,0,22,989.769,1554.95,0.781014
13,0,23,995.448,1531.72,0.815762
13,0,24,1060.17,1531.24,0.9636579999999999
13,1,0,1920.05,601.141,0.845138
13,1,1,1920.06,648.139,0.8739600000000001
13,1,2,1867,648.132,0.880324
13,1,3,1855.05,730.772,0.988811
13,1,4,1896.21,777.85,0.921878
13,1,5,1984.63,642.405,0.873381
13,1,6,1996.34,724.903,0.940506
13,1,7,1955.32,777.447,0.956957
13,1,8,1919.97,771.932,0.873594
13,1,9,1890.55,771.937,0.88131
13,1,10,1860.92,830.83,0.830801
13,1,11,1855.32,966.152,0.887448
13,1,12,1955.39,771.876,0.920789
13,1,13,1972.88,830.7,0.7840800000000001
13,1,14,1973.08,966.269,0.8174079999999999
13,1,15,1908.46,589.482,0.936128
13,1,16,1943.3,589.473,0.899813
13,1,17,1902.19,589.536,0.8614
13,1,18,1949.68,589.6,0.8520639999999999
13,1,19,1955.55,1007.13,0.700923
13,1,20,1990.67,1001.48,0.6929500000000001
13,1,21,1973.05,978.001,0.620925
13,1,22,1855.39,1007.3,0.7166800000000001
13,1,23,1837.46,1001.48,0.641143
13,1,24,1861.16,972.137,0.728208
13,2,0,0,0,0
13,2,1,2420.4,1861.38,0.870586
13,2,2,2461.5,1767.2,0.794847
13,2,3,2514.88,1820.04,0.478477
13,2,4,2520.48,1837.5,0.0858186
13,2,5,2373.46,1955.2,0.787111
13,2,6,2290.88,2102.78,0.807689
13,2,7,2238.19,2149.82,0.333374
13,2,8,2567.64,2096.42,0.675388
13,2,9,2608.72,2055.49,0.576859
13,2,10,0,0,0
13,2,11,0,0,0
13,2,12,2532.38,2149.65,0.598625
13,2,13,0,0,0
13,2,14,0,0,0
13,2,15,0,0,0
13,2,16,0,0,0
13,2,17,2349.95,1802.22,0.273103
13,2,18,2302.64,1866.89,0.761374
13,2,19,0,0,0
13,2,20,0,0,0
13,2,21,0,0,0
13,2,22,0,0,0
13,2,23,0,0,0
13,2,24,0,0,0
14,0,0,1920.03,601.141,0.845926
14,0,1,1920.08,648.128,0.87355
14,0,2,1867.01,648.118,0.879647
14,0,3,1855.04,730.778,0.9883000000000001
14,0,4,1896.23,777.853,0.9253600000000001
14,0,5,1984.63,642.413,0.8724569999999999
14,0,6,1996.34,724.911,0.9406549999999999
14,0,7,1955.34,777.444,0.954502
14,0,8,1919.99,771.937,0.872444
14,0,9,1890.56,771.94,0.881304
14,0,10,1860.9,830.856,0.821541
14,0,11,1855.29,966.209,0.880019
14,0,12,1955.39,771.88,0.918801
14,0,13,1978.76,830.618,0.7778919999999999
14,0,14,1978.82,966.24,0.808508
14,0,15,1908.45,589.487,0.9357209999999999
14,0,16,1937.75,589.489,0.899635
14,0,17,1902.2,589.551,0.855749
14,0,18,1949.68,589.626,0.856745
14,0,19,1955.6,1007.19,0.6866869999999999
14,0,20,1990.73,1001.54,0.6868139999999999
14,0,21,1978.79,977.97,0.607791
14,0,22,1855.34,1007.41,0.715841
14,0,23,1831.71,1007.07,0.6465569999999999
14,0,24,1861.13,972.217,0.723112
14,1,0,989.564,1054.44,0.8995949999999999
14,1,1,1054.53,1078.11,0.8893300000000001
14,1,2,1013.45,1072.07,0.7912100000000001
14,1,3,1007.55,1148.41,0.51898
14,1,4,983.713,1119.24,0.355742
14,1,5,1089.88,1084,0.8548159999999999
14,1,6,1060.19,1189.78,0.940971
14,1,7,1007.11,1119.14,0.925929
14,1,8,1060.7,1254.58,0.8983019999999999
14,1,9,1042.63,1248.92,0.8794029999999999
14,1,10,1013.51,1378.24,0.9143279999999999
14,1,11,1048.54,1519.72,0.905196
14,1,12,1101.58,1254.69,0.896797
14,1,13,1107.68,1395.87,0.8936419999999999
14,1,14,1201.61,1437.42,0.9704069999999999
14,1,15,978.009,1042.6,0.18737
14,1,16,1001.34,1048.38,0.8539939999999999
14,1,17,0,0,0
14,1,18,1025.07,1036.82,0.815275
14,1,19,1195.67,1507.8,0.8754919999999999
14,1,20,1207.74,1490.22,0.858336
14,1,21,1225.1,1436.95,0.845479
14,1,22,989.749,1554.9,0.774632
14,1,23,989.762,1537.2,0.812975
14,1,24,1060.17,1531.29,0.948904
14,2,0,0,0,0
14,2,1,2420.21,1861.16,0.872246
14,2,2,2438.25,1772.76,0.797103
14,2,3,2514.93,1814.25,0.662018
14,2,4,2514.55,1825.73,0.0799303
14,2,5,2373.47,1949.4,0.786431
14,2,6,2290.99,2102.58,0.824765
14,2,7,2237.86,2149.81,0.351049
14,2,8,2561.98,2096.43,0.688732
14,2,9,2602.95,2055.49,0.576371
14,2,10,0,0,0
14,2,11,0,0,0
14,2,12,2526.57,2149.65,0.6143649999999999
14,2,13,0,0,0
14,2,14,0,0,0
14,2,15,0,0,0
14,2,16,2267.27,1861.2,0.115591
14,2,17,2343.97,1790.56,0.20861000000000002
14,2,18,2291.04,1861.18,0.850637
14,2,19,0,0,0
14,2,20,0,0,0
14,2,21,0,0,0
14,2,22,0,0,0
14,2,23,0,0,0
14,2,24,0,0,0
15,0,0,977.867,1054.43,0.923179
15,0,1,1048.61,1077.91,0.8542259999999999
15,0,2,1013.09,1072.08,0.783785
15,0,3,1001.41,1148.89,0.5811069999999999
15,0,4,972.075,1113.41,0.5072949999999999
15,0,5,1083.81,1078.02,0.836437
15,0,6,1054.68,1190,0.960432
15,0,7,995.659,1119.36,0.872392
15,0,8,1060.2,1248.76,0.9539829999999999
15,0,9,1025.08,1243.12,0.885969
15,0,10,1013.25,1378.37,0.9552379999999999
15,0,11,1048.51,1525.26,0.9192039999999999
15,0,12,1095.57,1249.01,0.8779009999999999
15,0,13,1089.77,1396.02,0.8543379999999999
15,0,14,1195.52,1436.97,0.9641829999999999
15,0,15,971.95,1042.7,0.256174
15,0,16,995.445,1042.78,0.842464
15,0,17,0,0,0
15,0,18,1019.23,1030.96,0.839553
15,0,19,1189.93,1519.43,0.847845
15,0,20,1201.74,1490.3,0.885566
15,0,21,1201.89,1430.92,0.847955
15,0,22,983.754,1554.96,0.791357
15,0,23,989.711,1537.23,0.8085709999999999
15,0,24,1060.15,1531.41,0.9588439999999999
15,1,0,1920.06,606.857,0.838156
15,1,1,1920.05,648.127,0.874242
15,1,2,1866.96,648.099,0.882313
15,1,3,1855.01,730.727,0.9812109999999999
15,1,4,1890.67,777.742,0.923952
15,1,5,1984.62,642.417,0.871375
15,1,6,1996.34,724.985,0.940295
15,1,7,1955.29,777.505,0.951221
15,1,8,1919.97,771.98,0.8736729999999999
15,1,9,1890.54,771.983,0.8822329999999999
15,1,10,1861.1,836.747,0.795643
15,1,11,1855.21,966.345,0.864815
15,1,12,1955.39,771.922,0.920435
15,1,13,1973.04,830.626,0.7656900000000001
15,1,14,1967.13,971.928,0.80127
15,1,15,1908.48,589.541,0.924404
15,1,16,1943.34,589.537,0.8936600000000001
15,1,17,1902.2,589.519,0.845467
15,1,18,1949.69,589.62,0.835467
15,1,19,1955.41,1007.35,0.662118
15,1,20,1990.48,1007.22,0.639806
15,1,21,1961.25,989.565,0.597009
15,1,22,1855.31,1007.55,0.682939
15,1,23,1831.64,1007.19,0.624892
15,1,24,1861.02,977.886,0.699371
15,2,0,0,0,0
15,2,1,2414.5,1861.19,0.8736700000000001
15,2,2,2438.27,1772.7,0.828619
15,2,3,2520.52,1819.99,0.7169979999999999
15,2,4,0,0,0
15,2,5,2373.09,1949.4,0.786291
15,2,6,2291.14,2102.56,0.823326
15,2,7,2238.08,2149.82,0.298744
15,2,8,2562.02,2096.42,0.7070139999999999
15,2,9,2603.09,2055.38,0.590577
15,2,10,0,0,0
15,2,11,0,0,0
15,2,12,2526.49,2149.65,0.630168
15,2,13,0,0,0
15,2,14,0,0,0
15,2,15,0,0,0
15,2,16,0,0,0
15,2,17,2332.46,1784.49,0.342746
15,2,18,2285.22,1861.02,0.8729429999999999
15,2,19,0,0,0
15,2,20,0,0,0
15,2,21,0,0,0
15,2,22,0,0,0
15,2,23,0,0,0
15,2,24,0,0,0
16,0,0,1920.15,601.202,0.8361409999999999
16,0,1,1920.04,648.13,0.8738309999999999
16,0,2,1866.95,648.121,0.882158
16,0,3,1855,730.778,0.979263
16,0,4,1896.26,777.763,0.932839
16,0,5,1984.62,642.394,0.8728500000000001
16,0,6,1996.36,730.37,0.942141
16,0,7,1955.27,777.506,0.947641
16,0,8,1920.03,772.041,0.8639739999999999
16,0,9,1890.59,772.054,0.87521
16,0,10,1860.99,842.474,0.7682500000000001
16,0,11,1855.12,966.429,0.8274079999999999
16,0,12,1955.44,771.963,0.91078
16,0,13,1978.98,824.956,0.749814
16,0,14,1972.9,966.404,0.7720629999999999
16,0,15,1908.52,589.514,0.922781
16,0,16,1943.39,589.496,0.897187
16,0,17,1902.2,589.52,0.8571639999999999
16,0,18,1949.71,589.579,0.813828
16,0,19,1955.54,1007.42,0.636514
16,0,20,1990.65,1007.28,0.634381
16,0,21,1961.31,989.566,0.564234
16,0,22,1855.25,1013.02,0.6179749999999999
16,0,23,1825.92,1007.25,0.572282
16,0,24,1860.93,978.007,0.6655949999999999
16,1,0,966.201,1054.69,0.984456
16,1,1,1019.05,1078,0.861769
16,1,2,971.917,1066.42,0.820483
16,1,3,966.146,1148.57,0.715441
16,1,4,948.504,1113.37,0.622445
16,1,5,1066.19,1089.68,0.8582400000000001
16,1,6,1054.52,1195.57,0.9634419999999999
16,1,7,977.893,1136.9,0.84501
16,1,8,1048.64,1248.82,0.9298069999999999
16,1,9,1013.09,1248.63,0.940449
16,1,10,1013.01,1384.29,0.9698789999999999
16,1,11,1048.55,1525.24,0.903562
16,1,12,1072.06,1249.07,0.859404
16,1,13,1060.47,1407.76,0.876528
16,1,14,1154.87,1437.25,0.9325829999999999
16,1,15,960.487,1048.54,0.669871
16,1,16,977.889,1048.65,0.886129
16,1,17,0,0,0
16,1,18,1013.44,1042.71,0.8862939999999999
16,1,19,1154.86,1525.25,0.880195
16,1,20,1189.93,1501.98,0.847598
16,1,21,1189.69,1431.22,0.807782
16,1,22,978.053,1554.91,0.7845500000000001
16,1,23,989.689,1537.16,0.8022469999999999
16,1,24,1060.24,1531.28,0.9123779999999999
16,2,0,0,0,0
16,2,1,2408.67,1855.45,0.8559519999999999
16,2,2,2432.51,1766.89,0.8623379999999999
16,2,3,2520.57,1814.23,0.8834219999999999
16,2,4,2508.7,1825.91,0.0576533
16,2,5,2367.47,1943.56,0.7891079999999999
16,2,6,2314.36,2096.93,0.823198
16,2,7,2238.24,2149.82,0.31781499999999996
16,2,8,2561.71,2096.57,0.7221200000000001
16,2,9,2602.94,2055.6,0.606352
16,2,10,0,0,0
16,2,11,0,0,0
16,2,12,2520.51,2149.66,0.6642819999999999
16,2,13,2485.31,2149.86,0.0510428
16,2,14,0,0,0
16,2,15,0,0,0
16,2,16,2243.73,1843.46,0.106944
16,2,17,2337.93,1772.78,0.31584799999999996
16,2,18,2284.86,1854.94,0.8920659999999999
16,2,19,0,0,0
16,2,20,0,0,0
16,2,21,0,0,0
16,2,22,0,0,0
16,2,23,0,0,0
16,2,24,0,0,0
17,0,0,954.429,1060.16,0.9582539999999999
17,0,1,1013.19,1089.67,0.9000039999999999
17,0,2,971.996,1083.93,0.7906289999999999
17,0,3,966.284,1154.66,0.654461
17,0,4,936.606,1119.37,0.5182289999999999
17,0,5,1054.55,1095.52,0.918557
17,0,6,1048.38,1195.62,0.903702
17,0,7,960.18,1148.48,0.9519839999999999
17,0,8,1030.92,1248.98,0.8833559999999999
17,0,9,1007.2,1248.86,0.9381800000000001
17,0,10,1007.15,1384.17,0.939302
17,0,11,1048.45,1525.19,0.8703559999999999
17,0,12,1060.32,1254.59,0.9156409999999999
17,0,13,1042.61,1413.57,0.836214
17,0,14,1136.77,1454.89,0.8371109999999999
17,0,15,948.313,1048.45,0.2712
17,0,16,960.333,1054.28,0.970915
17,0,17,0,0,0
17,0,18,1001.42,1042.73,0.879404
17,0,19,1142.58,1531.32,0.843957
17,0,20,1154.4,1519.47,0.881537
17,0,21,1148.59,1437.36,0.762863
17,0,22,983.797,1554.84,0.7667029999999999
17,0,23,995.433,1537.19,0.7821039999999999
17,0,24,1054.69,1531.2,0.8738269999999999
17,1,0,1920.14,601.162,0.8377169999999999
17,1,1,1920.04,648.131,0.87404
17,1,2,1866.95,648.13,0.881845
17,1,3,1855.01,730.759,0.982993
17,1,4,1896.24,777.761,0.9301379999999999
17,1,5,1984.61,642.372,0.874375
17,1,6,1996.38,724.942,0.942087
17,1,7,1955.33,777.466,0.945739
17,1,8,1920.04,772.081,0.866219
17,1,9,1890.6,772.085,0.877992
17,1,10,1861.05,842.543,0.782991
17,1,11,1855.14,966.336,0.8599439999999999
17,1,12,1955.45,772.01,0.913285
17,1,13,1978.75,830.681,0.737279
17,1,14,1967.11,971.937,0.783655
17,1,15,1908.51,589.485,0.9250569999999999
17,1,16,1943.38,589.457,0.8973169999999999
17,1,17,1902.19,589.492,0.8545459999999999
17,1,18,1949.71,589.532,0.810051
17,1,19,1955.42,1007.37,0.6374489999999999
17,1,20,1990.5,1007.24,0.622587
17,1,21,1961.24,983.879,0.571622
17,1,22,1855.2,1007.52,0.672878
17,1,23,1825.89,1007.15,0.619476
17,1,24,1860.94,977.883,0.699067
17,2,0,0,0,0
17,2,1,2408.65,1855.25,0.847945
17,2,2,2438.15,1766.85,0.8619749999999999
17,2,3,2520.4,1814.33,0.815105
17,2,4,2508.88,1820.03,0.09232699999999999
17,2,5,2367.47,1943.42,0.790998
17,2,6,2326.06,2096.92,0.874529
17,2,7,2238.01,2149.82,0.362917
17,2,8,2549.91,2096.79,0.669157
17,2,9,2591.21,2067.26,0.594722
17,2,10,0,0,0
17,2,11,0,0,0
17,2,12,2508.74,2149.67,0.6400669999999999
17,2,13,0,0,0
17,2,14,0,0,0
17,2,15,0,0,0
17,2,16,2238.12,1831.68,0.102282
17,2,17,2338.21,1766.75,0.427237
17,2,18,2279.25,1837.48,0.863459
17,2,19,0,0,0
17,2,20,0,0,0
17,2,21,0,0,0
17,2,22,0,0,0
17,2,23,0,0,0
17,2,24,0,0,0
18,0,0,1920.05,601.074,0.848151
18,0,1,1920.06,648.167,0.873035
18,0,2,1866.98,648.142,0.880231
18,0,3,1855.02,730.768,0.988062
18,0,4,1896.21,777.858,0.924797
18,0,5,1984.63,642.462,0.8664379999999999
18,0,6,1996.32,724.967,0.9401839999999999
18,0,7,1955.29,777.473,0.947198
18,0,8,1919.95,772.02,0.871115
18,0,9,1890.56,772.012,0.8796579999999999
18,0,10,1860.92,830.879,0.7998649999999999
18,0,11,1855.26,966.206,0.86953
18,0,12,1955.36,771.948,0.9170300000000001
18,0,13,1984.69,825.011,0.761649
18,0,14,1978.85,966.248,0.788824
18,0,15,1908.47,589.423,0.9406829999999999
18,0,16,1943.3,589.43,0.903713
18,0,17,1902.19,589.495,0.871409
18,0,18,1949.68,589.589,0.851131
18,0,19,1961.24,1007.22,0.6611619999999999
18,0,20,1996.31,1001.57,0.671686
18,0,21,1973,978.02,0.591955
18,0,22,1855.36,1007.37,0.7049409999999999
18,0,23,1831.75,1001.57,0.636077
18,0,24,1861.09,972.216,0.707303
18,1,0,954.151,1060.33,0.93886
18,1,1,1007.46,1083.96,0.893698
18,1,2,965.9,1078.08,0.793028
18,1,3,960.296,1154.4,0.6828609999999999
18,1,4,919.352,1119.3,0.616588
18,1,5,1054.34,1089.81,0.894851
18,1,6,1031,1189.88,0.860001
18,1,7,954.479,1148.71,0.9363100000000001
18,1,8,1024.97,1249.06,0.8856879999999999
18,1,9,1001.53,1249,0.915377
18,1,10,1007.27,1390.16,0.940932
18,1,11,1048.51,1519.66,0.8859929999999999
18,1,12,1060.12,1254.59,0.906999
18,1,13,1042.73,1407.71,0.8596779999999999
18,1,14,1113.42,1472.56,0.8962439999999999
18,1,15,936.775,1054.29,0.5193989999999999
18,1,16,960.148,1054.38,0.9767589999999999
18,1,17,0,0,0
18,1,18,1001.23,1042.75,0.856557
18,1,19,1107.68,1531.68,0.8868419999999999
18,1,20,1142.77,1525.62,0.909249
18,1,21,1130.9,1466.6,0.762102
18,1,22,989.646,1549.15,0.787017
18,1,23,995.445,1537.16,0.8129369999999999
18,1,24,1060.13,1525.62,0.873311
18,2,0,0,0,0
18,2,1,2414.37,1855.24,0.85496
18,2,2,2444.04,1766.82,0.8483569999999999
18,2,3,2520.34,1813.94,0.7712500000000001
18,2,4,2514.57,1825.76,0.116632
18,2,5,2367.59,1931.83,0.7867449999999999
18,2,6,2331.92,2096.74,0.915013
18,2,7,2237.87,2149.81,0.390268
18,2,8,2538.34,2096.49,0.664331
18,2,9,2579.55,2055.54,0.5952649999999999
18,2,10,0,0,0
18,2,11,0,0,0
18,2,12,2508.64,2114.34,0.626725
18,2,13,0,0,0
18,2,14,0,0,0
18,2,15,0,0,0
18,2,16,0,0,0
18,2,17,2343.86,1766.73,0.476081
18,2,18,2279.24,1825.89,0.857775
18,2,19,0,0,0
18,2,20,0,0,0
18,2,21,0,0,0
18,2,22,0,0,0
18,2,23,0,0,0
18,2,24,0,0,0
19,0,0,925.09,1060.39,0.9534509999999999
19,0,1,989.682,1089.89,0.835688
19,0,2,948.559,1089.66,0.764131
19,0,3,942.567,1154.43,0.50661
19,0,4,907.296,1148.4,0.559712
19,0,5,1030.95,1095.55,0.843302
19,0,6,1024.91,1195.91,0.915941
19,0,7,936.688,1154.87,0.8537389999999999
19,0,8,1013.15,1254.72,0.9216200000000001
19,0,9,977.977,1249.05,0.868068
19,0,10,1001.48,1395.85,0.867966
19,0,11,1048.42,1513.58,0.844463
19,0,12,1048.55,1260.5,0.848155
19,0,13,1013.51,1419.36,0.875644
19,0,14,1095.45,1507.91,0.814861
19,0,15,919.177,1054.35,0.5436369999999999
19,0,16,948.311,1054.33,0.920349
19,0,17,0,0,0
19,0,18,977.884,1042.71,0.8450200000000001
19,0,19,1060.62,1566.66,0.842729
19,0,20,1095.63,1560.79,0.829328
19,0,21,1101.62,1507.91,0.844807
19,0,22,1001.31,1549,0.834928
19,0,23,995.661,1531.62,0.843305
19,0,24,1060.29,1519.51,0.6661349999999999
19,1,0,1920.06,601.105,0.845908
19,1,1,1920.06,648.146,0.8738619999999999
19,1,2,1866.98,648.127,0.8808349999999999
19,1,3,1855.02,730.73,0.987258
19,1,4,1890.61,777.795,0.923825
19,1,5,1984.63,642.445,0.8685889999999999
19,1,6,1996.29,730.394,0.943372
19,1,7,1955.25,777.519,0.9440700000000001
19,1,8,1919.97,771.942,0.870212
19,1,9,1890.57,771.943,0.88024
19,1,10,1860.88,830.786,0.803117
19,1,11,1855.27,966.157,0.8562139999999999
19,1,12,1955.38,771.87,0.915477
19,1,13,1984.85,824.925,0.7761800000000001
19,1,14,1984.69,966.042,0.794273
19,1,15,1908.47,589.453,0.9356559999999999
19,1,16,1943.31,589.454,0.9016069999999999
19,1,17,1902.2,589.528,0.865182
19,1,18,1949.68,589.619,0.8527659999999999
19,1,19,1967.12,1001.53,0.630424
19,1,20,1996.5,1001.28,0.6610469999999999
19,1,21,1978.9,972.195,0.593411
19,1,22,1855.34,1007.36,0.6758449999999999
19,1,23,1831.71,1001.55,0.6126659999999999
19,1,24,1861.09,972.157,0.694283
19,2,0,0,0,0
19,2,1,2414.71,1849.16,0.835691
19,2,2,2455.77,1761.18,0.844645
19,2,3,2520.58,1808.26,0.732443
19,2,4,2514.85,1819.92,0.13976000000000002
19,2,5,2373.18,1914.2,0.816595
19,2,6,2332.36,2096.6,0.9163100000000001
19,2,7,2225.97,2149.79,0.534942
19,2,8,2526.54,2096.49,0.6869919999999999
19,2,9,2567.83,2061.26,0.614262
19,2,10,0,0,0
19,2,11,0,0,0
19,2,12,2491.24,2108.53,0.616618
19,2,13,0,0,0
19,2,14,0,0,0
19,2,15,0,0,0
19,2,16,2255.6,1813.95,0.10064000000000001
19,2,17,2338.15,1754.91,0.27751899999999996
19,2,18,2285.1,1813.82,0.9190100000000001
19,2,19,0,0,0
19,2,20,0,0,0
19,2,21,0,0,0
19,2,22,0,0,0
19,2,23,0,0,0
19,2,24,0,0,0
20,0,0,1920.04,601.106,0.845765
20,0,1,1920.05,648.165,0.873977
20,0,2,1866.98,648.147,0.879825
20,0,3,1855.02,730.737,0.988595
20,0,4,1890.64,777.81,0.9239459999999999
20,0,5,1984.62,642.458,0.8665269999999999
20,0,6,1996.31,730.395,0.944392
20,0,7,1955.26,777.493,0.944016
20,0,8,1919.98,771.964,0.867887
20,0,9,1890.59,771.965,0.8777900000000001
20,0,10,1855.45,830.722,0.8016749999999999
20,0,11,1855.26,966.112,0.8581519999999999
20,0,12,1955.38,771.895,0.913358
20,0,13,1984.65,824.919,0.766382
20,0,14,1984.67,965.942,0.7961469999999999
20,0,15,1908.46,589.451,0.9373539999999999
20,0,16,1943.3,589.454,0.9001859999999999
20,0,17,1902.18,589.529,0.866895
20,0,18,1949.67,589.621,0.848769
20,0,19,1967.12,1001.41,0.623136
20,0,20,1996.51,995.532,0.6522709999999999
20,0,21,1978.91,972.1,0.5901000000000001
20,0,22,1855.31,1007.35,0.6842889999999999
20,0,23,1831.68,1001.54,0.620632
20,0,24,1861.09,972.111,0.7006939999999999
20,1,0,919.161,1060.54,0.9705269999999999
20,1,1,966.443,1095.5,0.873686
20,1,2,919.354,1083.96,0.8191
20,1,3,913.182,1154.35,0.7950109999999999
20,1,4,883.669,1154.8,0.808991
20,1,5,1019.03,1095.78,0.8898739999999999
20,1,6,1013.5,1195.73,0.941062
20,1,7,925.145,1189.83,0.868016
20,1,8,1007.23,1254.73,0.8931009999999999
20,1,9,966.324,1254.65,0.8799359999999999
20,1,10,995.595,1396.06,0.824769
20,1,11,1025.17,1513.69,0.800384
20,1,12,1030.85,1260.5,0.8176629999999999
20,1,13,1007.47,1413.62,0.894689
20,1,14,1054.68,1531.6,0.903432
20,1,15,918.758,1054.42,0.806229
20,1,16,936.616,1054.48,0.919418
20,1,17,0,0,0
20,1,18,972.009,1048.54,0.880431
20,1,19,1007.54,1578.62,0.918356
20,1,20,1042.6,1578.66,0.861873
20,1,21,1066.45,1543.23,0.822013
20,1,22,989.666,1549.09,0.6301059999999999
20,1,23,978.065,1537.28,0.607282
20,1,24,1054.35,1513.74,0.47152299999999997
20,2,0,0,0,0
20,2,1,2414.66,1843.52,0.836205
20,2,2,2461.6,1766.66,0.8424919999999999
20,2,3,2514.64,1807.89,0.464188
20,2,4,2520.58,1808.15,0.130638
20,2,5,2373.07,1908.46,0.822411
20,2,6,2338.24,2090.79,0.887871
20,2,7,2238.23,2149.74,0.7699800000000001
20,2,8,2520.72,2090.85,0.653203
20,2,9,2567.53,2055.34,0.591751
20,2,10,0,0,0
20,2,11,0,0,0
20,2,12,2479.5,2108.54,0.611364
20,2,13,0,0,0
20,2,14,0,0,0
20,2,15,0,0,0
20,2,16,0,0,0
20,2,17,2343.96,1737.46,0.21492599999999998
20,2,18,2285.09,1808.14,0.918793
20,2,19,0,0,0
20,2,20,0,0,0
20,2,21,0,0,0
20,2,22,0,0,0
20,2,23,0,0,0
20,2,24,0,0,0
21,0,0,1920.13,601.072,0.8415659999999999
21,0,1,1920.06,648.151,0.873965
21,0,2,1866.99,648.136,0.880813
21,0,3,1855.01,730.737,0.9844100000000001
21,0,4,1896.2,777.731,0.931122
21,0,5,1978.98,642.399,0.873423
21,0,6,1996.37,724.878,0.941248
21,0,7,1955.44,772.057,0.9415279999999999
21,0,8,1914.35,772.052,0.8748229999999999
21,0,9,1890.49,772.036,0.879115
21,0,10,1861.32,848.352,0.7899200000000001
21,0,11,1855.32,966.387,0.887407
21,0,12,1955.33,772.009,0.9213749999999999
21,0,13,1961.44,836.51,0.763259
21,0,14,1955.63,972.22,0.819977
21,0,15,1908.52,589.425,0.930611
21,0,16,1943.36,589.419,0.9017900000000001
21,0,17,1902.22,589.472,0.860389
21,0,18,1949.7,589.547,0.817615
21,0,19,1949.59,1007.56,0.682028
21,0,20,1973.11,1007.48,0.6473500000000001
21,0,21,1955.25,995.493,0.6240979999999999
21,0,22,1855.42,1007.55,0.7227669999999999
21,0,23,1837.47,1007.18,0.659488
21,0,24,1861.09,977.904,0.716453
21,1,0,918.832,1060.58,0.981406
21,1,1,966.185,1101.24,0.916472
21,1,2,919.109,1101.23,0.8723219999999999
21,1,3,913.275,1189.73,0.7751779999999999
21,1,4,872.151,1166.38,0.840421
21,1,5,1013.32,1101.31,0.923578
21,1,6,1012.98,1201.52,0.988713
21,1,7,919.072,1195.72,0.9409369999999999
21,1,8,1001.41,1260.67,0.847325
21,1,9,965.92,1266.33,0.8625339999999999
21,1,10,1007.08,1396.09,0.815367
21,1,11,1048.46,1513.63,0.756474
21,1,12,1019.37,1266.41,0.822638
21,1,13,995.645,1419.49,0.848181
21,1,14,1042.61,1537.2,0.844104
21,1,15,913.127,1054.45,0.755763
21,1,16,924.97,1054.48,0.9399289999999999
21,1,17,0,0,0
21,1,18,966.165,1054.21,0.930051
21,1,19,978,1590.24,0.865502
21,1,20,1013.01,1590.22,0.935449
21,1,21,1060.14,1549.03,0.840498
21,1,22,989.616,1555.04,0.222803
21,1,23,983.853,1549,0.216811
21,1,24,1060.51,1519.45,0.475029
21,2,0,0,0,0
21,2,1,2414.53,1837.63,0.831816
21,2,2,2461.75,1761.24,0.845877
21,2,3,2514.61,1796.37,0.528548
21,2,4,2520.52,1807.89,0.15836699999999998
21,2,5,2367.45,1908.1,0.8249059999999999
21,2,6,2355.64,2084.83,0.840043
21,2,7,2255.66,2149.68,0.774065
21,2,8,2520.48,2090.67,0.69103
21,2,9,2561.95,2049.56,0.634849
21,2,10,0,0,0
21,2,11,0,0,0
21,2,12,2473.69,2108.4,0.633358
21,2,13,2455.68,2149.85,0.0561934
21,2,14,0,0,0
21,2,15,0,0,0
21,2,16,2249.66,1784.62,0.102669
21,2,17,2355.75,1731.48,0.290996
21,2,18,2285,1802.26,0.887861
21,2,19,0,0,0
21,2,20,0,0,0
21,2,21,0,0,0
21,2,22,0,0,0
21,2,23,0,0,0
21,2,24,0,0,0
22,0,0,1920.13,601.082,0.841957
22,0,1,1920.05,648.145,0.874892
22,0,2,1866.97,648.13,0.8818429999999999
22,0,3,1855,730.766,0.982822
22,0,4,1896.25,777.761,0.9336900000000001
22,0,5,1978.99,642.403,0.8733000000000001
22,0,6,1996.37,724.947,0.942338
22,0,7,1955.38,777.438,0.948043
22,0,8,1919.99,772.029,0.8749279999999999
22,0,9,1890.59,772.025,0.886145
22,0,10,1861.34,842.567,0.784126
22,0,11,1855.29,966.399,0.881
22,0,12,1955.4,771.973,0.921774
22,0,13,1967.19,830.837,0.7595139999999999
22,0,14,1961.4,972.138,0.818854
22,0,15,1908.52,589.429,0.9316909999999999
22,0,16,1943.37,589.418,0.902891
22,0,17,1902.21,589.466,0.865811
22,0,18,1949.69,589.545,0.8116979999999999
22,0,19,1955.32,1007.48,0.703975
22,0,20,1984.8,1007.38,0.6634869999999999
22,0,21,1955.5,995.458,0.62877
22,0,22,1855.42,1007.53,0.708567
22,0,23,1831.79,1007.17,0.6418600000000001
22,0,24,1861.07,977.941,0.708716
22,1,0,912.942,1066.41,0.920778
22,1,1,960.141,1101.46,0.951777
22,1,2,912.902,1101.23,0.885301
22,1,3,883.612,1154.84,0.744066
22,1,4,865.966,1184,0.837831
22,1,5,1007.2,1101.62,0.943533
22,1,6,1001.26,1201.78,0.904447
22,1,7,912.828,1201.81,0.9502029999999999
22,1,8,977.844,1272.3,0.849841
22,1,9,954.408,1278.09,0.859989
22,1,10,1001.22,1407.73,0.822959
22,1,11,1048.38,1519.61,0.8740739999999999
22,1,12,1013.03,1272.24,0.873393
22,1,13,972.065,1425.2,0.8673759999999999
22,1,14,995.493,1572.64,0.8860800000000001
22,1,15,907.285,1060.19,0.727077
22,1,16,918.894,1060.25,0.954058
22,1,17,0,0,0
22,1,18,960.18,1054.54,0.9311029999999999
22,1,19,936.68,1625.45,0.918704
22,1,20,966.206,1625.47,0.9437789999999999
22,1,21,1007.52,1578.35,0.9251689999999999
22,1,22,1013.15,1560.71,0.185834
22,1,23,1013.41,1537.3,0.169798
22,1,24,1060.26,1525.31,0.947216
22,2,0,0,0,0
22,2,1,2414.46,1831.76,0.840671
22,2,2,2467.69,1766.93,0.865644
22,2,3,2514.59,1772.97,0.511908
22,2,4,2520.69,1796.25,0.154811
22,2,5,2344.01,1902.14,0.8327700000000001
22,2,6,2338.21,2061.39,0.855225
22,2,7,2278.83,2096.83,0.927002
22,2,8,2514.48,2078.99,0.713499
22,2,9,2561.65,2043.78,0.701685
22,2,10,0,0,0
22,2,11,0,0,0
22,2,12,2467.51,2096.75,0.719503
22,2,13,2438.27,2149.82,0.0843937
22,2,14,0,0,0
22,2,15,0,0,0
22,2,16,0,0,0
22,2,17,2367.37,1720.12,0.43909000000000004
22,2,18,2285.16,1772.98,0.8718400000000001
22,2,19,0,0,0
22,2,20,0,0,0
22,2,21,0,0,0
22,2,22,0,0,0
22,2,23,0,0,0
22,2,24,0,0,0
23,0,0,1920.1,601.135,0.840699
23,0,1,1920.03,648.152,0.875401
23,0,2,1866.96,648.135,0.882451
23,0,3,1855.01,730.74,0.985501
23,0,4,1896.27,777.763,0.939614
23,0,5,1984.61,642.397,0.875888
23,0,6,1996.33,724.912,0.9364279999999999
23,0,7,1955.46,772.062,0.940859
23,0,8,1919.97,772.023,0.8769819999999999
23,0,9,1890.58,772.025,0.8871249999999999
23,0,10,1861.34,842.572,0.7813859999999999
23,0,11,1855.3,966.387,0.8772129999999999
23,0,12,1955.38,771.961,0.9260700000000001
23,0,13,1973.1,830.782,0.756865
23,0,14,1967.23,972.112,0.8088569999999999
23,0,15,1908.5,589.475,0.931202
23,0,16,1943.34,589.469,0.898486
23,0,17,1902.19,589.527,0.8691500000000001
23,0,18,1949.66,589.588,0.8121929999999999
23,0,19,1955.54,1007.51,0.707679
23,0,20,1990.68,1007.4,0.692369
23,0,21,1961.28,989.765,0.631429
23,0,22,1855.4,1007.54,0.704436
23,0,23,1831.72,1007.19,0.641382
23,0,24,1861.09,977.913,0.707923
23,1,0,901.451,1083.78,0.855752
23,1,1,948.329,1101.7,0.897175
23,1,2,895.53,1095.75,0.8361759999999999
23,1,3,871.913,1154.64,0.859713
23,1,4,854.191,1195.63,0.843352
23,1,5,1001.24,1107.4,0.909199
23,1,6,977.939,1207.71,0.8762909999999999
23,1,7,889.537,1213.45,0.848502
23,1,8,966.196,1283.92,0.9093800000000001
23,1,9,936.783,1278.24,0.839054
23,1,10,983.78,1413.52,0.8096200000000001
23,1,11,1048.58,1525.39,0.926296
23,1,12,1001.52,1284.08,0.867524
23,1,13,960.298,1437.02,0.985185
23,1,14,960.031,1584.3,0.8899969999999999
23,1,15,895.43,1060.63,0.697643
23,1,16,913.085,1060.66,0.9218459999999999
23,1,17,0,0,0
23,1,18,954.273,1060.22,0.877726
23,1,19,913.125,1631.58,0.8682749999999999
23,1,20,936.654,1637.31,0.8314429999999999
23,1,21,960.471,1607.87,0.840824
23,1,22,1013.41,1554.95,0.541415
23,1,23,1013.37,1543.12,0.5542279999999999
23,1,24,1060.37,1531.22,0.878222
23,2,0,0,0,0
23,2,1,2414.52,1825.92,0.852684
23,2,2,2473.43,1772.69,0.891671
23,2,3,2514.68,1761.18,0.701338
23,2,4,2414.5,1737.44,0.587591
23,2,5,2337.97,1896.32,0.865937
23,2,6,2332.49,2049.27,0.92539
23,2,7,2279.24,2090.46,0.934666
23,2,8,2508.61,2084.86,0.725324
23,2,9,2555.86,2049.52,0.712835
23,2,10,2520.72,2149.89,0.0705442
23,2,11,0,0,0
23,2,12,2461.52,2096.84,0.720572
23,2,13,2438.15,2149.87,0.0698901
23,2,14,0,0,0
23,2,15,0,0,0
23,2,16,0,0,0
23,2,17,2373.49,1719.93,0.7460209999999999
23,2,18,2296.87,1766.96,0.845231
23,2,19,0,0,0
23,2,20,0,0,0
23,2,21,0,0,0
23,2,22,0,0,0
23,2,23,0,0,0
23,2,24,0,0,0
24,0,0,1920.14,601.02,0.847165
24,0,1,1920.06,648.135,0.876072
24,0,2,1867.01,648.091,0.8849389999999999
24,0,3,1855.07,730.677,0.9965379999999999
24,0,4,1890.67,777.808,0.932295
24,0,5,1984.63,642.404,0.876432
24,0,6,1996.28,724.796,0.926932
24,0,7,1955.48,771.978,0.9380700000000001
24,0,8,1919.91,771.943,0.8754219999999999
24,0,9,1890.56,771.926,0.883922
24,0,10,1861.15,836.668,0.798824
24,0,11,1855.36,966.283,0.887312
24,0,12,1955.3,771.902,0.9255319999999999
24,0,13,1972.95,836.563,0.759902
24,0,14,1978.86,971.954,0.8149569999999999
24,0,15,1908.53,589.411,0.9397169999999999
24,0,16,1943.35,589.406,0.9112889999999999
24,0,17,1902.23,589.534,0.885459
24,0,18,1949.67,589.588,0.838621
24,0,19,1961.14,1007.35,0.726965
24,0,20,1996.26,1007.23,0.728807
24,0,21,1973.08,989.621,0.6304989999999999
24,0,22,1855.46,1007.35,0.7274900000000001
24,0,23,1837.55,1001.57,0.655161
24,0,24,1861.18,977.832,0.7169
24,1,0,889.661,1089.74,0.846703
24,1,1,930.824,1107.34,0.9006029999999999
24,1,2,883.727,1101.7,0.869767
24,1,3,860.201,1160.47,0.816311
24,1,4,830.922,1195.8,0.8664729999999999
24,1,5,983.846,1107.61,0.886268
24,1,6,966.47,1213.41,0.902009
24,1,7,889.626,1231,0.844019
24,1,8,965.876,1284.16,0.953452
24,1,9,930.733,1284.02,0.871509
24,1,10,983.778,1407.77,0.823907
24,1,11,1054.09,1525.38,0.9397089999999999
24,1,12,995.554,1289.71,0.8737800000000001
24,1,13,960.195,1437.12,0.997196
24,1,14,954.14,1584.29,0.8466819999999999
24,1,15,877.95,1066.23,0.7685329999999999
24,1,16,907.304,1066.24,0.895794
24,1,17,0,0,0
24,1,18,942.692,1060.24,0.870833
24,1,19,907.274,1643.34,0.83889
24,1,20,925.065,1649.11,0.8652829999999999
24,1,21,959.987,1602.07,0.813634
24,1,22,1013.41,1554.97,0.614619
24,1,23,1013.3,1543.15,0.638362
24,1,24,1060.48,1531.19,0.9153159999999999
24,2,0,0,0,0
24,2,1,2414.53,1831.66,0.8510179999999999
24,2,2,2473.72,1773,0.854827
24,2,3,2508.67,1755.02,0.716178
24,2,4,2414.66,1725.77,0.7627689999999999
24,2,5,2332.22,1896.24,0.8807539999999999
24,2,6,2332.26,2043.64,0.925182
24,2,7,2279.31,2072.98,0.873463
24,2,8,2502.98,2090.63,0.731896
24,2,9,2555.82,2049.68,0.711185
24,2,10,2520.31,2149.9,0.059715199999999996
24,2,11,0,0,0
24,2,12,2455.73,2102.55,0.706128
24,2,13,2438.14,2149.86,0.0827343
24,2,14,0,0,0
24,2,15,0,0,0
24,2,16,0,0,0
24,2,17,2379.19,1719.89,0.7782300000000001
24,2,18,2296.96,1761.28,0.8633200000000001
24,2,19,0,0,0
24,2,20,0,0,0
24,2,21,0,0,0
24,2,22,0,0,0
24,2,23,0,0,0
24,2,24,0,0,0
25,0,0,1920.16,601.014,0.847762
25,0,1,1920.07,648.131,0.875273
25,0,2,1867.04,642.55,0.8842019999999999
25,0,3,1855.06,730.656,0.9963289999999999
25,0,4,1890.59,777.803,0.929318
25,0,5,1984.63,642.412,0.875172
25,0,6,1996.29,724.813,0.927179
25,0,7,1955.48,772.037,0.9356000000000001
25,0,8,1914.35,771.944,0.8765879999999999
25,0,9,1890.52,771.924,0.882602
25,0,10,1861.21,842.514,0.7930309999999999
25,0,11,1855.37,966.337,0.882415
25,0,12,1955.28,771.915,0.9263669999999999
25,0,13,1967.13,842.395,0.757181
25,0,14,1972.93,972.046,0.8114239999999999
25,0,15,1908.53,589.397,0.941446
25,0,16,1943.38,589.397,0.9152619999999999
25,0,17,1902.22,589.5,0.889338
25,0,18,1949.69,589.58,0.8394659999999999
25,0,19,1955.53,1007.42,0.731579
25,0,20,1990.69,1007.29,0.7203689999999999
25,0,21,1967.14,989.709,0.6258389999999999
25,0,22,1860.95,1007.42,0.719305
25,0,23,1837.62,1007.1,0.651412
25,0,24,1861.19,977.867,0.709086
25,1,0,883.597,1095.71,0.890913
25,1,1,919.207,1107.76,0.923072
25,1,2,871.96,1107.51,0.912083
25,1,3,865.868,1189.79,0.7808029999999999
25,1,4,830.673,1201.62,0.842028
25,1,5,971.922,1113.46,0.894577
25,1,6,960.47,1231.17,0.935557
25,1,7,871.987,1242.65,0.9324600000000001
25,1,8,954.464,1290.01,0.945133
25,1,9,919.023,1289.93,0.93037
25,1,10,966.384,1401.91,0.845174
25,1,11,1042.7,1519.66,0.875097
25,1,12,972.227,1290.12,0.8988269999999999
25,1,13,954.303,1437.4,0.914501
25,1,14,924.853,1596.26,0.835189
25,1,15,872.051,1072.17,0.864837
25,1,16,901.462,1072.24,0.854221
25,1,17,0,0,0
25,1,18,930.764,1060.52,0.870969
25,1,19,877.975,1655.04,0.781289
25,1,20,913.219,1655.13,0.865883
25,1,21,930.783,1619.4,0.780076
25,1,22,1001.53,1566.59,0.7843209999999999
25,1,23,1001.5,1548.95,0.750675
25,1,24,1060.28,1525.49,0.933064
25,2,0,0,0,0
25,2,1,2414.41,1825.85,0.8463
25,2,2,2473.72,1778.64,0.851107
25,2,3,2514.64,1749.25,0.769075
25,2,4,2408.65,1714.01,0.846972
25,2,5,2332.01,1890.48,0.8738279999999999
25,2,6,2332.02,2025.89,0.8691289999999999
25,2,7,2279.19,2008.39,0.7719039999999999
25,2,8,2508.55,2084.79,0.714241
25,2,9,2555.76,2043.86,0.7161489999999999
25,2,10,2520.13,2149.89,0.0564958
25,2,11,0,0,0
25,2,12,2455.86,2096.86,0.7183579999999999
25,2,13,2444.05,2149.85,0.09428289999999999
25,2,14,0,0,0
25,2,15,0,0,0
25,2,16,0,0,0
25,2,17,2379.27,1713.93,0.7939400000000001
25,2,18,2302.61,1755.14,0.8439059999999999
25,2,19,0,0,0
25,2,20,0,0,0
25,2,21,0,0,0
25,2,22,0,0,0
25,2,23,0,0,0
25,2,24,0,0,0
26,0,0,1925.8,595.403,0.854192
26,0,1,1920.08,648.128,0.8755449999999999
26,0,2,1867.05,642.544,0.88463
26,0,3,1855.07,730.658,0.996088
26,0,4,1890.6,777.797,0.927021
26,0,5,1984.62,642.406,0.874599
26,0,6,1996.33,724.721,0.928755
26,0,7,1955.56,771.973,0.933882
26,0,8,1919.92,771.99,0.875497
26,0,9,1890.56,771.965,0.885961
26,0,10,1861.18,848.278,0.795817
26,0,11,1855.38,966.357,0.885689
26,0,12,1955.32,771.958,0.924599
26,0,13,1967.1,848.336,0.752556
26,0,14,1967.25,972.138,0.806766
26,0,15,1908.54,589.337,0.9470689999999999
26,0,16,1943.4,589.329,0.921821
26,0,17,1902.23,589.422,0.8984719999999999
26,0,18,1949.69,589.526,0.8487169999999999
26,0,19,1955.48,1007.43,0.732698
26,0,20,1990.62,1007.32,0.718326
26,0,21,1967.12,989.777,0.624988
26,0,22,1855.46,1007.41,0.7177100000000001
26,0,23,1837.57,1007.08,0.648326
26,0,24,1861.21,977.895,0.714225
26,1,0,871.772,1101.33,0.956166
26,1,1,913.264,1119.23,0.918867
26,1,2,865.917,1107.59,0.9126829999999999
26,1,3,830.627,1178.11,0.803476
26,1,4,818.959,1207.55,0.8655539999999999
26,1,5,960.373,1131.05,0.904384
26,1,6,954.312,1242.51,0.9029269999999999
26,1,7,865.824,1243.06,0.968054
26,1,8,930.958,1290.24,0.913871
26,1,9,912.879,1290.21,0.9370839999999999
26,1,10,954.362,1431.15,0.8754700000000001
26,1,11,1030.86,1519.69,0.860877
26,1,12,965.979,1295.69,0.9421229999999999
26,1,13,924.881,1443.02,0.8927809999999999
26,1,14,918.827,1607.9,0.8866339999999999
26,1,15,866.093,1078.04,0.796113
26,1,16,877.993,1083.96,0.852888
26,1,17,0,0,0
26,1,18,919.005,1077.91,0.889374
26,1,19,871.713,1660.83,0.853251
26,1,20,901.4,1666.53,0.857032
26,1,21,919.163,1619.77,0.8273729999999999
26,1,22,995.413,1560.84,0.7603489999999999
26,1,23,995.468,1543.27,0.734358
26,1,24,1054.58,1525.41,0.939033
26,2,0,0,0,0
26,2,1,2414.43,1819.85,0.878269
26,2,2,2479.36,1772.93,0.8550639999999999
26,2,3,2532.3,1755.12,0.814461
26,2,4,2420.67,1719.66,0.853715
26,2,5,2332.02,1872.98,0.8617349999999999
26,2,6,2326.45,2002.7,0.8985139999999999
26,2,7,2291.17,1949.47,0.391636
26,2,8,2496.94,2067.19,0.720402
26,2,9,2544.19,2043.68,0.73819
26,2,10,2514.84,2149.85,0.10562
26,2,11,0,0,0
26,2,12,2444.14,2090.86,0.730359
26,2,13,2444.01,2149.85,0.08859399999999999
26,2,14,0,0,0
26,2,15,0,0,0
26,2,16,0,0,0
26,2,17,2379.48,1713.71,0.7952319999999999
26,2,18,2314.44,1743.44,0.811464
26,2,19,0,0,0
26,2,20,0,0,0
26,2,21,0,0,0
26,2,22,0,0,0
26,2,23,0,0,0
26,2,24,0,0,0
27,0,0,866.193,1101.56,0.960012
27,0,1,912.876,1119.36,0.893945
27,0,2,860.117,1107.58,0.880265
27,0,3,824.864,1183.98,0.8436600000000001
27,0,4,813.162,1219.25,0.845146
27,0,5,960.083,1136.87,0.896266
27,0,6,942.658,1242.67,0.884335
27,0,7,859.959,1243.1,0.933086
27,0,8,919.312,1295.73,0.9541879999999999
27,0,9,895.51,1290.25,0.894631
27,0,10,936.634,1431.23,0.8744609999999999
27,0,11,1025.12,1519.45,0.850779
27,0,12,960.093,1295.88,0.932672
27,0,13,918.968,1443.01,0.933365
27,0,14,913.25,1613.61,0.896435
27,0,15,865.797,1089.72,0.845789
27,0,16,877.727,1095.44,0.8703869999999999
27,0,17,0,0,0
27,0,18,913.403,1083.97,0.8928889999999999
27,0,19,871.73,1660.92,0.885062
27,0,20,901.28,1666.53,0.873212
27,0,21,918.902,1619.94,0.8561989999999999
27,0,22,995.523,1555.02,0.798393
27,0,23,995.574,1543.09,0.770552
27,0,24,1054.53,1519.68,0.917951
27,1,0,1925.81,601.004,0.8473339999999999
27,1,1,1920.06,648.142,0.873667
27,1,2,1867.02,648.086,0.883621
27,1,3,1855.05,730.632,0.9891909999999999
27,1,4,1890.63,777.658,0.9349409999999999
27,1,5,1984.61,642.395,0.8746689999999999
27,1,6,1996.37,724.652,0.9252600000000001
27,1,7,1955.62,771.893,0.925924
27,1,8,1919.93,772.034,0.8776879999999999
27,1,9,1890.58,772.028,0.885501
27,1,10,1861.38,859.943,0.790349
27,1,11,1855.38,971.922,0.8721089999999999
27,1,12,1955.33,771.992,0.93027
27,1,13,1967.07,842.443,0.744659
27,1,14,1961.31,972.016,0.814313
27,1,15,1908.56,589.383,0.9380400000000001
27,1,16,1943.42,589.384,0.916663
27,1,17,1902.24,589.427,0.893149
27,1,18,1949.69,589.513,0.820523
27,1,19,1955.24,1007.4,0.689317
27,1,20,1984.76,1007.29,0.6484869999999999
27,1,21,1955.47,989.597,0.606174
27,1,22,1860.99,1013.02,0.7057059999999999
27,1,23,1843.34,1007.27,0.6443019999999999
27,1,24,1861.15,978.007,0.7006279999999999
27,2,0,0,0,0
27,2,1,2414.39,1814.3,0.886277
27,2,2,2479.51,1772.81,0.851765
27,2,3,2532.45,1754.96,0.7962549999999999
27,2,4,2420.7,1719.57,0.8693679999999999
27,2,5,2326.54,1867.13,0.87111
27,2,6,2326.22,1996.74,0.888683
27,2,7,2302.69,1908.35,0.6669649999999999
27,2,8,2496.99,2067.27,0.7095239999999999
27,2,9,2544.19,2043.73,0.726494
27,2,10,2514.98,2149.85,0.09958109999999999
27,2,11,0,0,0
27,2,12,2449.9,2090.92,0.723671
27,2,13,2461.76,2149.88,0.0675603
27,2,14,0,0,0
27,2,15,0,0,0
27,2,16,0,0,0
27,2,17,2379.58,1702.23,0.7855019999999999
27,2,18,2308.71,1731.53,0.8330949999999999
27,2,19,0,0,0
27,2,20,0,0,0
27,2,21,0,0,0
27,2,22,0,0,0
27,2,23,0,0,0
27,2,24,0,0,0
28,0,0,1925.87,601.002,0.8486349999999999
28,0,1,1920.05,648.148,0.874421
28,0,2,1866.99,648.087,0.885243
28,0,3,1855.03,730.659,0.986247
28,0,4,1896.23,777.663,0.935434
28,0,5,1984.61,642.418,0.8722679999999999
28,0,6,1996.35,724.72,0.926257
28,0,7,1955.6,771.929,0.9324129999999999
28,0,8,1919.93,772.035,0.876922
28,0,9,1890.56,772.035,0.884664
28,0,10,1861.32,848.291,0.7836069999999999
28,0,11,1855.37,966.389,0.8814200000000001
28,0,12,1955.34,771.975,0.92471
28,0,13,1973.05,830.9,0.740201
28,0,14,1972.96,966.396,0.7996139999999999
28,0,15,1913.99,589.369,0.937889
28,0,16,1943.48,589.376,0.9231459999999999
28,0,17,1902.24,589.414,0.904697
28,0,18,1955.04,589.529,0.822927
28,0,19,1961.16,1007.32,0.6682389999999999
28,0,20,1990.77,1007.19,0.669442
28,0,21,1961.4,983.834,0.598704
28,0,22,1860.9,1013.03,0.71126
28,0,23,1837.52,1007.26,0.6472939999999999
28,0,24,1861.16,977.918,0.712773
28,1,0,860,1107.18,0.909922
28,1,1,889.639,1125.16,0.8412000000000001
28,1,2,836.724,1113.31,0.8341379999999999
28,1,3,819.048,1195.57,0.878695
28,1,4,801.191,1225.26,0.8067529999999999
28,1,5,942.637,1142.65,0.861621
28,1,6,924.838,1243.15,0.9451179999999999
28,1,7,830.779,1248.87,0.9221039999999999
28,1,8,913.005,1301.64,0.9152819999999999
28,1,9,871.954,1296.09,0.910669
28,1,10,918.82,1431.49,0.919794
28,1,11,1013.25,1496.17,0.8924000000000001
28,1,12,942.48,1301.83,0.8322919999999999
28,1,13,912.865,1454.94,0.9236200000000001
28,1,14,913.07,1613.89,0.901836
28,1,15,848.366,1095.63,0.7955749999999999
28,1,16,866.213,1101.25,0.9045209999999999
28,1,17,0,0,0
28,1,18,907.252,1095.56,0.860282
28,1,19,866.216,1660.95,0.867068
28,1,20,895.452,1666.59,0.8606429999999999
28,1,21,918.93,1625.58,0.8376739999999999
28,1,22,989.766,1560.82,0.860977
28,1,23,995.435,1543.26,0.8167019999999999
28,1,24,1048.4,1496.12,0.8452959999999999
28,2,0,0,0,0
28,2,1,2420.44,1807.97,0.907397
28,2,2,2497.03,1760.82,0.8632869999999999
28,2,3,2561.73,1767.23,0.780319
28,2,4,2491.21,1743.34,0.206401
28,2,5,2332.44,1855.21,0.9085719999999999
28,2,6,2320.46,1984.71,0.842032
28,2,7,2291.06,1867.22,0.8414800000000001
28,2,8,2491.13,2055.44,0.7405379999999999
28,2,9,2538.26,2043.52,0.744904
28,2,10,2514.88,2149.84,0.10858799999999999
28,2,11,0,0,0
28,2,12,2443.96,2084.86,0.710135
28,2,13,2467.47,2149.88,0.06483649999999999
28,2,14,0,0,0
28,2,15,0,0,0
28,2,16,0,0,0
28,2,17,2391.11,1690.27,0.811962
28,2,18,2320.5,1720.14,0.8694689999999999
28,2,19,0,0,0
28,2,20,0,0,0
28,2,21,0,0,0
28,2,22,0,0,0
28,2,23,0,0,0
28,2,24,0,0,0
29,0,0,1925.95,595.401,0.854344
29,0,1,1920.06,648.125,0.874802
29,0,2,1867.01,642.529,0.88853
29,0,3,1855.04,730.697,0.988923
29,0,4,1896.3,777.693,0.943027
29,0,5,1984.62,642.403,0.873378
29,0,6,1996.36,724.704,0.927627
29,0,7,1955.64,771.903,0.934326
29,0,8,1914.34,772.034,0.8828900000000001
29,0,9,1890.52,772.031,0.8842369999999999
29,0,10,1861.31,836.704,0.799349
29,0,11,1855.39,966.295,0.890127
29,0,12,1955.29,771.977,0.928719
29,0,13,1972.99,830.665,0.7713909999999999
29,0,14,1973.09,966.172,0.818445
29,0,15,1914.03,589.317,0.9417369999999999
29,0,16,1943.52,589.316,0.9311109999999999
29,0,17,1902.28,589.352,0.9140769999999999
29,0,18,1955.05,589.469,0.825646
29,0,19,1961.27,1007.07,0.6587379999999999
29,0,20,1996.32,1001.36,0.665573
29,0,21,1967.19,977.853,0.6123569999999999
29,0,22,1855.46,1007.51,0.722912
29,0,23,1837.51,1007.16,0.651168
29,0,24,1861.18,977.818,0.72074
29,1,0,836.545,1107.29,0.920086
29,1,1,877.737,1136.93,0.875354
29,1,2,824.957,1119.36,0.8655109999999999
29,1,3,818.65,1201.52,0.8717079999999999
29,1,4,789.526,1242.58,0.7911300000000001
29,1,5,925.051,1148.51,0.892577
29,1,6,913.014,1248.99,0.9638319999999999
29,1,7,819.16,1249.05,0.9575119999999999
29,1,8,907.106,1301.8,0.866887
29,1,9,866.241,1301.74,0.8966700000000001
29,1,10,872.076,1443.14,0.913863
29,1,11,1001.3,1484.47,0.901273
29,1,12,925.123,1307.53,0.826229
29,1,13,907.291,1454.77,0.912098
29,1,14,913.092,1619.37,0.9127949999999999
29,1,15,825.157,1095.58,0.775704
29,1,16,860.02,1101.3,0.904887
29,1,17,0,0,0
29,1,18,895.52,1095.64,0.8201700000000001
29,1,19,871.658,1660.95,0.8524200000000001
29,1,20,895.488,1666.59,0.8326359999999999
29,1,21,918.904,1625.73,0.797904
29,1,22,995.445,1560.87,0.8981800000000001
29,1,23,978.044,1548.98,0.862518
29,1,24,1013.5,1478.51,0.8805719999999999
29,2,0,0,0,0
29,2,1,2420.51,1802.35,0.9152659999999999
29,2,2,2502.8,1755.25,0.877579
29,2,3,2567.96,1773.06,0.7950919999999999
29,2,4,2520.65,1766.78,0.234168
29,2,5,2332.41,1849.4,0.9136839999999999
29,2,6,2320.16,1955.49,0.876122
29,2,7,2285.26,1855.24,0.9324049999999999
29,2,8,2491.11,2055.34,0.7596229999999999
29,2,9,2538.16,2043.48,0.7485809999999999
29,2,10,2514.64,2149.83,0.124924
29,2,11,0,0,0
29,2,12,2443.97,2084.71,0.718765
29,2,13,2455.86,2149.87,0.06533839999999999
29,2,14,0,0,0
29,2,15,0,0,0
29,2,16,0,0,0
29,2,17,2402.88,1678.63,0.8280839999999999
29,2,18,2326.35,1719.96,0.9268419999999999
29,2,19,0,0,0
29,2,20,0,0,0
29,2,21,0,0,0
29,2,22,0,0,0
29,2,23,0,0,0
29,2,24,0,0,0
30,0,0,1925.8,601.016,0.850955
30,0,1,1920.11,648.121,0.872046
30,0,2,1867.06,642.541,0.882424
30,0,3,1855.07,730.697,0.9919739999999999
30,0,4,1896.32,777.802,0.9340269999999999
30,0,5,1984.62,642.405,0.872641
30,0,6,1996.38,724.627,0.926626
30,0,7,1955.65,771.893,0.93815
30,0,8,1919.96,772.005,0.8759119999999999
30,0,9,1890.61,771.981,0.885577
30,0,10,1861.05,830.799,0.82206
30,0,11,1855.34,966.221,0.886917
30,0,12,1955.35,771.966,0.9227879999999999
30,0,13,1973.07,836.569,0.751772
30,0,14,1973.06,966.334,0.8120769999999999
30,0,15,1908.56,589.383,0.940527
30,0,16,1943.43,589.405,0.9204700000000001
30,0,17,1902.29,589.383,0.883934
30,0,18,1955.05,589.542,0.8586469999999999
30,0,19,1961.14,1007.18,0.710966
30,0,20,1990.77,1001.55,0.7036359999999999
30,0,21,1967.2,983.771,0.617451
30,0,22,1855.37,1007.38,0.7274809999999999
30,0,23,1837.45,1001.58,0.652338
30,0,24,1861.18,972.21,0.724996
30,1,0,836.697,1107.45,0.9019309999999999
30,1,1,872.149,1136.82,0.8805400000000001
30,1,2,824.941,1113.46,0.867402
30,1,3,813.141,1195.73,0.8013429999999999
30,1,4,778.06,1236.77,0.8169489999999999
30,1,5,919.337,1148.5,0.914843
30,1,6,912.912,1248.97,0.9623459999999999
30,1,7,818.831,1254.57,0.9394469999999999
30,1,8,895.405,1301.98,0.828751
30,1,9,865.934,1301.88,0.882228
30,1,10,865.92,1443.2,0.9246209999999999
30,1,11,971.922,1484.16,0.920921
30,1,12,919.193,1307.71,0.856472
30,1,13,907.288,1460.71,0.878119
30,1,14,913.183,1613.83,0.924723
30,1,15,825.17,1101.25,0.8460759999999999
30,1,16,860.071,1101.4,0.908148
30,1,17,0,0,0
30,1,18,895.403,1095.54,0.8049189999999999
30,1,19,866.22,1660.9,0.867764
30,1,20,895.428,1666.6,0.832421
30,1,21,918.957,1625.59,0.795524
30,1,22,989.627,1560.7,0.8614649999999999
30,1,23,971.986,1543.18,0.8585539999999999
30,1,24,1001.27,1478.11,0.815465
30,2,0,0,0,0
30,2,1,2420.55,1802.1,0.901682
30,2,2,2502.9,1760.74,0.8873909999999999
30,2,3,2573.78,1784.59,0.773739
30,2,4,2526.43,1766.98,0.22214199999999998
30,2,5,2332.42,1843.5,0.8863989999999999
30,2,6,2314.46,1949.62,0.862082
30,2,7,2285.07,1837.58,0.889388
30,2,8,2485.16,2049.4,0.799412
30,2,9,2532.27,2037.7,0.768309
30,2,10,2514.56,2149.8,0.160138
30,2,11,0,0,0
30,2,12,2432.37,2061.43,0.734879
30,2,13,2461.59,2149.86,0.0701863
30,2,14,0,0,0
30,2,15,0,0,0
30,2,16,0,0,0
30,2,17,2402.91,1672.84,0.8256600000000001
30,2,18,2326.19,1713.96,0.929851
30,2,19,0,0,0
30,2,20,0,0,0
30,2,21,0,0,0
30,2,22,0,0,0
30,2,23,0,0,0
30,2,24,0,0,0
31,0,0,1925.87,601.021,0.851586
31,0,1,1920.12,648.109,0.870722
31,0,2,1867.09,642.517,0.882946
31,0,3,1855.08,730.649,0.992265
31,0,4,1896.27,777.795,0.930682
31,0,5,1984.63,642.398,0.873297
31,0,6,1996.4,724.549,0.9195800000000001
31,0,7,1955.67,771.864,0.931101
31,0,8,1919.92,772.042,0.8761939999999999
31,0,9,1890.59,772.007,0.885721
31,0,10,1861.14,836.612,0.8076439999999999
31,0,11,1855.4,966.262,0.887598
31,0,12,1955.32,772.008,0.923782
31,0,13,1967.24,848.352,0.747722
31,0,14,1967.22,972.057,0.807778
31,0,15,1914.01,589.385,0.938696
31,0,16,1943.48,589.402,0.92588
31,0,17,1902.31,589.379,0.892234
31,0,18,1955.07,589.536,0.853139
31,0,19,1955.49,1007.32,0.729457
31,0,20,1990.6,1007.21,0.708754
31,0,21,1967.02,989.686,0.6254219999999999
31,0,22,1855.43,1007.37,0.726501
31,0,23,1837.56,1001.56,0.652906
31,0,24,1861.23,972.244,0.719299
31,1,0,824.895,1107.67,0.926839
31,1,1,866.108,1142.72,0.937287
31,1,2,818.817,1125.22,0.872091
31,1,3,777.91,1195.61,0.8389019999999999
31,1,4,771.594,1242.58,0.8767300000000001
31,1,5,913.286,1148.68,0.955337
31,1,6,895.53,1249.09,0.889648
31,1,7,795.473,1254.58,0.8721409999999999
31,1,8,871.983,1319.32,0.869284
31,1,9,836.754,1307.68,0.835266
31,1,10,818.802,1437.2,0.942402
31,1,11,936.677,1484.58,0.869213
31,1,12,912.926,1325.31,0.842252
31,1,13,889.669,1472.57,0.793821
31,1,14,913.13,1613.71,0.9216409999999999
31,1,15,819.196,1101.41,0.7907989999999999
31,1,16,836.743,1101.63,0.8854759999999999
31,1,17,0,0,0
31,1,18,872.107,1101.42,0.880394
31,1,19,866.326,1660.88,0.8798729999999999
31,1,20,895.555,1666.6,0.819433
31,1,21,919.028,1625.39,0.768709
31,1,22,954.256,1537.29,0.698692
31,1,23,948.438,1531.47,0.6794789999999999
31,1,24,965.907,1484.09,0.85804
31,2,0,0,0,0
31,2,1,2420.47,1790.57,0.881618
31,2,2,2502.98,1755.17,0.874537
31,2,3,2585.44,1807.86,0.8513569999999999
31,2,4,2520.43,1784.58,0.19625199999999998
31,2,5,2332.3,1831.77,0.8779819999999999
31,2,6,2302.65,1937.62,0.815858
31,2,7,2284.81,1814.32,0.9443159999999999
31,2,8,2479.25,2049.38,0.795222
31,2,9,2526.45,2037.61,0.761811
31,2,10,2514.42,2149.79,0.166705
31,2,11,0,0,0
31,2,12,2426.53,2061.38,0.750876
31,2,13,2455.87,2149.83,0.0874364
31,2,14,0,0,0
31,2,15,0,0,0
31,2,16,0,0,0
31,2,17,2414.38,1667.08,0.881444
31,2,18,2326.39,1707.97,0.8941049999999999
31,2,19,0,0,0
31,2,20,0,0,0
31,2,21,0,0,0
31,2,22,0,0,0
31,2,23,0,0,0
31,2,24,0,0,0
32,0,0,1925.86,601.058,0.848524
32,0,1,1920.1,648.145,0.8711479999999999
32,0,2,1867.08,642.543,0.881828
32,0,3,1855.07,730.675,0.9910239999999999
32,0,4,1896.22,777.78,0.9277519999999999
32,0,5,1978.97,642.436,0.868806
32,0,6,1996.42,724.53,0.922199
32,0,7,1961.1,771.824,0.930854
32,0,8,1919.92,772.084,0.876416
32,0,9,1890.57,772.051,0.8859509999999999
32,0,10,1861.14,842.444,0.8022309999999999
32,0,11,1855.4,966.357,0.8827959999999999
32,0,12,1955.32,772.048,0.923395
32,0,13,1967.14,848.397,0.760405
32,0,14,1972.99,972.076,0.810496
32,0,15,1914.01,589.419,0.934427
32,0,16,1943.46,589.436,0.9206559999999999
32,0,17,1902.32,589.415,0.8865879999999999
32,0,18,1955.05,589.566,0.847162
32,0,19,1955.55,1007.39,0.724046
32,0,20,1990.66,1007.29,0.716787
32,0,21,1967.21,989.726,0.632335
32,0,22,1855.4,1007.44,0.7230519999999999
32,0,23,1837.54,1007.11,0.654633
32,0,24,1861.26,977.91,0.718741
32,1,0,818.883,1107.54,0.9324509999999999
32,1,1,859.968,1142.66,0.8650559999999999
32,1,2,807.102,1119.25,0.8270059999999999
32,1,3,771.847,1190,0.871462
32,1,4,760.053,1242.9,0.8427589999999999
32,1,5,907.167,1148.71,0.9301189999999999
32,1,6,877.847,1254.85,0.8948389999999999
32,1,7,777.926,1254.63,0.921975
32,1,8,865.897,1319.43,0.8648819999999999
32,1,9,824.66,1313.43,0.8847959999999999
32,1,10,783.662,1437.47,0.90358
32,1,11,912.901,1484.59,0.868624
32,1,12,901.32,1325.38,0.817834
32,1,13,883.708,1478.24,0.8421200000000001
32,1,14,913.222,1607.97,0.902588
32,1,15,813.099,1101.31,0.8435769999999999
32,1,16,825.069,1101.5,0.916866
32,1,17,0,0,0
32,1,18,866.295,1101.42,0.915408
32,1,19,871.713,1666.59,0.915248
32,1,20,901.341,1666.68,0.8672019999999999
32,1,21,919.234,1619.62,0.7668419999999999
32,1,22,913.237,1537.36,0.467313
32,1,23,913.009,1531.49,0.45321000000000006
32,1,24,925.02,1484.48,0.664848
32,2,0,0,0,0
32,2,1,2420.5,1778.8,0.88726
32,2,2,2508.72,1755.24,0.8984209999999999
32,2,3,2602.93,1813.76,0.916947
32,2,4,2520.62,1772.97,0.22267099999999998
32,2,5,2332.17,1814.18,0.924897
32,2,6,2296.81,1919.98,0.83318
32,2,7,2279.32,1814.2,0.9532419999999999
32,2,8,2473.41,2049.62,0.786293
32,2,9,2520.8,2037.75,0.7443639999999999
32,2,10,2508.54,2149.78,0.21354399999999998
32,2,11,0,0,0
32,2,12,2420.68,2067.23,0.7387389999999999
32,2,13,2449.86,2149.82,0.09867709999999999
32,2,14,0,0,0
32,2,15,0,0,0
32,2,16,0,0,0
32,2,17,2414.54,1666.62,0.8739800000000001
32,2,18,2326.46,1690.38,0.8821629999999999
32,2,19,0,0,0
32,2,20,0,0,0
32,2,21,0,0,0
32,2,22,0,0,0
32,2,23,0,0,0
32,2,24,0,0,0
33,0,0,818.644,1107.58,0.904806
33,0,1,836.705,1136.98,0.857912
33,0,2,783.717,1119.16,0.8396300000000001
33,0,3,766.056,1189.81,0.8616159999999999
33,0,4,754.245,1242.87,0.849996
33,0,5,895.52,1148.58,0.9033009999999999
33,0,6,872.033,1254.67,0.928399
33,0,7,777.931,1260.46,0.8976600000000001
33,0,8,860.097,1325.22,0.8505300000000001
33,0,9,818.991,1319.3,0.8849509999999999
33,0,10,777.544,1437.35,0.9524819999999999
33,0,11,889.506,1502.07,0.836089
33,0,12,889.606,1331.01,0.8099700000000001
33,0,13,883.808,1478.5,0.804294
33,0,14,913.117,1613.8,0.89797
33,0,15,812.83,1101.41,0.841054
33,0,16,824.799,1101.56,0.9128989999999999
33,0,17,0,0,0
33,0,18,865.852,1101.43,0.8669549999999999
33,0,19,871.831,1666.48,0.913304
33,0,20,901.372,1666.64,0.8217
33,0,21,919.059,1619.78,0.747243
33,0,22,865.999,1566.71,0.734993
33,0,23,860.208,1554.83,0.703021
33,0,24,913.134,1507.87,0.7113109999999999
33,1,0,1926,595.371,0.8566159999999999
33,1,1,1920.12,648.153,0.870239
33,1,2,1867.04,648.089,0.8837119999999999
33,1,3,1855.04,730.77,0.9822400000000001
33,1,4,1896.37,777.758,0.9394600000000001
33,1,5,1984.66,642.419,0.873332
33,1,6,1996.38,724.596,0.915917
33,1,7,1961.13,771.859,0.9179579999999999
33,1,8,1919.92,777.553,0.870556
33,1,9,1890.56,777.534,0.8776339999999999
33,1,10,1861.31,854.236,0.7760739999999999
33,1,11,1855.23,972.025,0.850927
33,1,12,1955.35,777.51,0.916995
33,1,13,1967.22,842.576,0.7128979999999999
33,1,14,1967.04,972.23,0.777466
33,1,15,1914.07,589.294,0.9422809999999999
33,1,16,1943.56,589.294,0.934198
33,1,17,1902.34,589.324,0.9094909999999999
33,1,18,1955.09,589.453,0.8373579999999999
33,1,19,1955.44,1013.06,0.6510969999999999
33,1,20,1990.52,1007.47,0.63517
33,1,21,1961.13,995.488,0.5908300000000001
33,1,22,1855.37,1013.04,0.67795
33,1,23,1831.75,1007.28,0.6219509999999999
33,1,24,1861.01,983.773,0.6846500000000001
33,2,0,0,0,0
33,2,1,2420.49,1772.98,0.901133
33,2,2,2514.35,1755.14,0.902492
33,2,3,2608.62,1813.87,0.934539
33,2,4,2520.64,1784.64,0.224247
33,2,5,2332,1813.87,0.92627
33,2,6,2285.29,1920.01,0.847532
33,2,7,2279.09,1814.25,0.9136000000000001
33,2,8,2473.25,2049.41,0.7730739999999999
33,2,9,2520.71,2037.64,0.72675
33,2,10,2485.34,2149.76,0.285562
33,2,11,2514.62,2149.86,0.0617789
33,2,12,2420.5,2055.56,0.726893
33,2,13,2455.65,2149.8,0.132296
33,2,14,0,0,0
33,2,15,0,0,0
33,2,16,0,0,0
33,2,17,2414.55,1660.97,0.853856
33,2,18,2326.43,1678.66,0.9286700000000001
33,2,19,0,0,0
33,2,20,0,0,0
33,2,21,0,0,0
33,2,22,0,0,0
33,2,23,0,0,0
33,2,24,2520.39,2149.89,0.0559283
34,0,0,1925.93,595.404,0.855005
34,0,1,1920.15,648.138,0.868263
34,0,2,1867.09,642.53,0.881828
34,0,3,1855.05,730.742,0.985304
34,0,4,1896.31,777.759,0.9374800000000001
34,0,5,1984.68,642.434,0.8712369999999999
34,0,6,1996.38,724.597,0.918461
34,0,7,1961.1,771.848,0.922246
34,0,8,1919.9,777.48,0.8734069999999999
34,0,9,1890.54,777.456,0.8778619999999999
34,0,10,1861.15,842.549,0.785381
34,0,11,1855.23,966.403,0.862606
34,0,12,1955.32,772.087,0.919812
34,0,13,1972.95,836.58,0.7264269999999999
34,0,14,1973.01,971.994,0.79168
34,0,15,1914.03,589.32,0.943074
34,0,16,1943.51,589.322,0.9307709999999999
34,0,17,1902.34,589.347,0.8962249999999999
34,0,18,1955.09,589.485,0.8654529999999999
34,0,19,1961.12,1007.44,0.680124
34,0,20,1990.76,1007.32,0.678537
34,0,21,1967.08,989.627,0.594768
34,0,22,1855.28,1007.49,0.683619
34,0,23,1831.63,1007.13,0.62453
34,0,24,1861.04,977.97,0.698409
34,1,0,795.491,1107.62,0.870927
34,1,1,825.043,1136.98,0.8843439999999999
34,1,2,777.565,1113.52,0.883543
34,1,3,736.705,1189.75,0.8282339999999999
34,1,4,730.592,1242.82,0.9263619999999999
34,1,5,877.918,1148.64,0.9180419999999999
34,1,6,866.165,1254.71,0.937201
34,1,7,777.623,1278.22,0.9066339999999999
34,1,8,830.942,1331.14,0.878481
34,1,9,801.365,1325.3,0.8454889999999999
34,1,10,765.802,1437.47,0.9084439999999999
34,1,11,860.147,1525.44,0.9164289999999999
34,1,12,872.072,1336.88,0.9101429999999999
34,1,13,883.691,1478.59,0.855707
34,1,14,913.203,1619.58,0.921082
34,1,15,783.801,1101.33,0.799501
34,1,16,818.708,1101.56,0.9018729999999999
34,1,17,0,0,0
34,1,18,859.904,1101.35,0.814341
34,1,19,872.013,1666.58,0.809399
34,1,20,907.147,1666.75,0.7890739999999999
34,1,21,919.067,1625.42,0.818616
34,1,22,824.808,1584.55,0.873153
34,1,23,818.783,1572.72,0.907775
34,1,24,872.036,1525.68,0.8203889999999999
34,2,0,0,0,0
34,2,1,2420.41,1767,0.9353589999999999
34,2,2,2514.48,1749.16,0.877938
34,2,3,2609.13,1808.25,0.9482400000000001
34,2,4,2520.78,1767.07,0.22808299999999998
34,2,5,2326.5,1802.18,0.906391
34,2,6,2285.07,1914.3,0.887438
34,2,7,2273.28,1813.75,0.902666
34,2,8,2467.78,2043.77,0.770277
34,2,9,2520.6,2031.74,0.713738
34,2,10,2485.25,2149.76,0.363875
34,2,11,0,0,0
34,2,12,2420.4,2055.47,0.738103
34,2,13,2461.57,2149.8,0.146044
34,2,14,0,0,0
34,2,15,0,0,0
34,2,16,0,0,0
34,2,17,2420.61,1654.93,0.8652449999999999
34,2,18,2332.13,1672.53,0.981478
34,2,19,0,0,0
34,2,20,0,0,0
34,2,21,0,0,0
34,2,22,0,0,0
34,2,23,0,0,0
34,2,24,0,0,0
35,0,0,0,0,0
35,0,1,2426.12,1761.13,0.935368
35,0,2,2514.92,1731.67,0.8825729999999999
35,0,3,2614.68,1807.77,0.9046379999999999
35,0,4,2520.73,1766.71,0.17182899999999998
35,0,5,2332.01,1790.41,0.893829
35,0,6,2284.84,1908.13,0.9360919999999999
35,0,7,2261.49,1808.19,0.8819039999999999
35,0,8,2467.56,2043.42,0.783516
35,0,9,2520.51,2020.12,0.718723
35,0,10,2485.26,2149.72,0.46367
35,0,11,2497.08,2149.83,0.13250399999999998
35,0,12,2420.13,2049.41,0.7604879999999999
35,0,13,2444.08,2149.78,0.171373
35,0,14,0,0,0
35,0,15,0,0,0
35,0,16,0,0,0
35,0,17,2426.41,1637.37,0.898984
35,0,18,2337.98,1666.71,0.9191539999999999
35,0,19,0,0,0
35,0,20,0,0,0
35,0,21,0,0,0
35,0,22,0,0,0
35,0,23,0,0,0
35,0,24,2508.77,2149.84,0.118697
35,1,0,1920.03,601.02,0.8541059999999999
35,1,1,1925.84,648.156,0.8652829999999999
35,1,2,1867.18,648.11,0.870026
35,1,3,1855.06,730.781,0.988027
35,1,4,1896.36,777.78,0.943944
35,1,5,1984.74,642.456,0.8686800000000001
35,1,6,1996.4,724.583,0.917534
35,1,7,1955.64,771.905,0.9261600000000001
35,1,8,1919.99,777.549,0.8672529999999999
35,1,9,1890.62,777.529,0.880679
35,1,10,1861.2,848.395,0.789105
35,1,11,1855.24,966.396,0.866514
35,1,12,1955.39,777.514,0.914631
35,1,13,1967.26,842.486,0.728891
35,1,14,1973.03,972.193,0.789133
35,1,15,1908.48,589.392,0.943274
35,1,16,1937.76,589.413,0.907639
35,1,17,1902.34,589.397,0.794055
35,1,18,1955.05,589.532,0.9025139999999999
35,1,19,1955.53,1013.06,0.6969000000000001
35,1,20,1990.65,1007.52,0.687385
35,1,21,1967.11,995.481,0.604463
35,1,22,1855.31,1007.47,0.687489
35,1,23,1831.66,1007.11,0.6261439999999999
35,1,24,1861.04,977.944,0.703163
35,2,0,783.723,1107.78,0.8924529999999999
35,2,1,818.981,1148.38,0.9383849999999999
35,2,2,771.584,1136.8,0.862236
35,2,3,730.445,1189.91,0.8763559999999999
35,2,4,724.693,1248.57,0.946606
35,2,5,871.683,1148.74,0.954722
35,2,6,865.793,1254.74,0.91627
35,2,7,771.524,1284.13,0.926213
35,2,8,824.939,1336.81,0.915889
35,2,9,783.796,1331.24,0.8796959999999999
35,2,10,742.379,1448.88,0.870022
35,2,11,818.922,1537.22,0.937565
35,2,12,866.149,1336.96,0.913665
35,2,13,872.155,1478.5,0.943581
35,2,14,913.215,1613.7,0.931616
35,2,15,777.698,1101.54,0.925534
35,2,16,807.229,1101.71,0.9145789999999999
35,2,17,771.937,1095.64,0.06768679999999999
35,2,18,830.874,1101.42,0.8525149999999999
35,2,19,872.16,1666.48,0.847876
35,2,20,907.324,1666.5,0.8664959999999999
35,2,21,919.082,1619.59,0.8724679999999999
35,2,22,777.486,1590.21,0.848618
35,2,23,771.847,1578.35,0.919978
35,2,24,836.51,1543.11,0.8269900000000001
36,0,0,1919.99,601.222,0.8470169999999999
36,0,1,1925.8,648.175,0.864864
36,0,2,1867.16,648.106,0.8709979999999999
36,0,3,1855.07,730.748,0.9898079999999999
36,0,4,1896.41,777.837,0.9439839999999999
36,0,5,1984.67,642.507,0.86028
36,0,6,1996.36,724.497,0.902227
36,0,7,1955.66,771.815,0.9224
36,0,8,1919.91,777.523,0.865332
36,0,9,1890.6,777.462,0.8791049999999999
36,0,10,1861.14,842.502,0.787553
36,0,11,1855.34,966.344,0.871188
36,0,12,1955.3,777.54,0.914922
36,0,13,1961.46,860.006,0.7609600000000001
36,0,14,1967.21,977.938,0.790563
36,0,15,1908.43,589.526,0.932951
36,0,16,1937.74,589.541,0.8960359999999999
36,0,17,1902.3,589.414,0.778199
36,0,18,1955.07,589.583,0.8933300000000001
36,0,19,1955.45,1007.57,0.7103849999999999
36,0,20,1990.54,1007.51,0.692902
36,0,21,1967.04,995.598,0.621709
36,0,22,1855.45,1007.35,0.699236
36,0,23,1837.59,1001.57,0.6303139999999999
36,0,24,1861.15,977.898,0.6994659999999999
36,1,0,0,0,0
36,1,1,2426.36,1760.92,0.927346
36,1,2,2520.55,1725.93,0.888828
36,1,3,2614.74,1802.16,0.885243
36,1,4,2526.5,1761.15,0.166783
36,1,5,2332.19,1778.79,0.8872209999999999
36,1,6,2284.94,1908.1,0.944344
36,1,7,2261.54,1814.06,0.8896700000000001
36,1,8,2467.46,2037.77,0.764455
36,1,9,2520.37,2020.04,0.7119369999999999
36,1,10,2479.28,2149.73,0.46088
36,1,11,2485.25,2149.84,0.10807499999999999
36,1,12,2414.6,2043.81,0.7445700000000001
36,1,13,2438.09,2149.77,0.173151
36,1,14,0,0,0
36,1,15,0,0,0
36,1,16,0,0,0
36,1,17,2432.16,1631.59,0.888305
36,1,18,2344.04,1661.01,0.8707809999999999
36,1,19,0,0,0
36,1,20,0,0,0
36,1,21,0,0,0
36,1,22,0,0,0
36,1,23,0,0,0
36,1,24,2503.01,2149.85,0.0972454
36,2,0,783.585,1107.75,0.9041939999999999
36,2,1,818.637,1148.42,0.9115289999999999
36,2,2,765.822,1136.78,0.8389719999999999
36,2,3,724.829,1195.68,0.889498
36,2,4,724.421,1248.8,0.898701
36,2,5,866.015,1148.84,0.955236
36,2,6,860.108,1254.81,0.892292
36,2,7,765.786,1289.7,0.916133
36,2,8,824.58,1336.79,0.9199229999999999
36,2,9,778.009,1331.19,0.9013639999999999
36,2,10,730.946,1454.92,0.8904059999999999
36,2,11,789.482,1555.02,0.859516
36,2,12,865.819,1336.91,0.8955069999999999
36,2,13,872.032,1478.46,0.9663100000000001
36,2,14,913.235,1613.63,0.925553
36,2,15,777.564,1101.53,0.9438209999999999
36,2,16,807.128,1101.69,0.909721
36,2,17,771.488,1089.87,0.12546000000000002
36,2,18,825.151,1101.44,0.875532
36,2,19,871.989,1660.98,0.8966600000000001
36,2,20,907.145,1661.01,0.8728319999999999
36,2,21,919.119,1619.51,0.875887
36,2,22,742.525,1607.79,0.8048949999999999
36,2,23,742.524,1584.44,0.823097
36,2,24,818.762,1566.52,0.8498669999999999
37,0,0,1919.97,601.187,0.8483400000000001
37,0,1,1925.8,648.172,0.865107
37,0,2,1867.15,648.111,0.8712479999999999
37,0,3,1855.08,730.743,0.992911
37,0,4,1896.35,777.825,0.941356
37,0,5,1984.71,642.491,0.864159
37,0,6,1996.36,724.559,0.91178
37,0,7,1955.6,771.856,0.927164
37,0,8,1919.94,777.554,0.8624379999999999
37,0,9,1890.63,777.499,0.878035
37,0,10,1861.11,848.315,0.782875
37,0,11,1855.29,966.36,0.8678800000000001
37,0,12,1955.32,777.56,0.912543
37,0,13,1961.43,854.355,0.755676
37,0,14,1967.21,977.827,0.7936789999999999
37,0,15,1908.42,589.497,0.934871
37,0,16,1937.73,589.511,0.895735
37,0,17,1902.28,589.39,0.792014
37,0,18,1955.05,589.555,0.891104
37,0,19,1955.48,1007.5,0.70637
37,0,20,1990.55,1007.43,0.695558
37,0,21,1967.09,995.496,0.6162259999999999
37,0,22,1855.39,1007.34,0.687372
37,0,23,1837.5,1001.56,0.620408
37,0,24,1861.09,977.906,0.696508
37,1,0,771.909,1113.25,0.9174789999999999
37,1,1,795.361,1148.48,0.889327
37,1,2,736.576,1136.8,0.8555539999999999
37,1,3,695.305,1195.98,0.898158
37,1,4,707.03,1249.03,0.838329
37,1,5,854.365,1154.28,0.926522
37,1,6,842.596,1260.51,0.853756
37,1,7,748.245,1289.84,0.908435
37,1,8,812.983,1336.79,0.8848349999999999
37,1,9,771.712,1331.2,0.902071
37,1,10,730.637,1466.61,0.898731
37,1,11,736.499,1578.59,0.938842
37,1,12,848.401,1336.83,0.831347
37,1,13,866.288,1478.35,0.9772489999999999
37,1,14,913.179,1613.71,0.937286
37,1,15,766.026,1101.59,0.901195
37,1,16,783.523,1101.75,0.9190729999999999
37,1,17,760.124,1095.74,0.0606081
37,1,18,819.154,1101.58,0.9127500000000001
37,1,19,871.816,1666.51,0.936047
37,1,20,907.077,1661,0.851474
37,1,21,919.023,1619.68,0.890277
37,1,22,689.397,1625.37,0.879973
37,1,23,683.701,1613.88,0.866317
37,1,24,765.764,1584.54,0.8548739999999999
37,2,0,0,0,0
37,2,1,2426.59,1755,0.8877809999999999
37,2,2,2520.78,1720.12,0.916816
37,2,3,2614.93,1778.83,0.8743500000000001
37,2,4,2520.5,1719.81,0.357825
37,2,5,2338.03,1766.95,0.895019
37,2,6,2285.02,1902.09,0.913789
37,2,7,2261.39,1814.17,0.870497
37,2,8,2467.43,2008.49,0.769114
37,2,9,2520.35,2002.53,0.775952
37,2,10,2473.55,2149.71,0.609377
37,2,11,2479.56,2149.85,0.0918546
37,2,12,2414.48,2031.75,0.741738
37,2,13,2420.5,2149.76,0.347317
37,2,14,0,0,0
37,2,15,0,0,0
37,2,16,0,0,0
37,2,17,2438.29,1625.69,0.84608
37,2,18,2367.37,1643.34,0.858896
37,2,19,0,0,0
37,2,20,0,0,0
37,2,21,0,0,0
37,2,22,0,0,0
37,2,23,0,0,0
37,2,24,2485.39,2149.87,0.0819891
38,0,0,1920.03,601.233,0.8452719999999999
38,0,1,1925.83,648.163,0.8654449999999999
38,0,2,1867.18,648.132,0.868238
38,0,3,1855.1,730.728,1.00061
38,0,4,1896.33,777.837,0.9428139999999999
38,0,5,1984.74,642.453,0.8699969999999999
38,0,6,1996.35,724.62,0.915723
38,0,7,1955.57,771.929,0.9447019999999999
38,0,8,1919.95,772.084,0.8682219999999999
38,0,9,1890.6,772.053,0.878189
38,0,10,1861.06,836.553,0.8168139999999999
38,0,11,1855.32,966.221,0.8916400000000001
38,0,12,1955.33,772.055,0.9160429999999999
38,0,13,1961.43,836.578,0.7732829999999999
38,0,14,1972.98,966.437,0.822139
38,0,15,1908.44,589.538,0.929703
38,0,16,1943.3,589.524,0.896208
38,0,17,1902.29,589.412,0.799213
38,0,18,1955.09,589.505,0.8920349999999999
38,0,19,1955.44,1007.33,0.739583
38,0,20,1990.57,1007.22,0.71045
38,0,21,1972.94,983.873,0.627814
38,0,22,1855.43,1007.27,0.731428
38,0,23,1837.51,1001.45,0.652183
38,0,24,1861.14,972.194,0.723105
38,1,0,766.063,1113.46,0.907117
38,1,1,777.879,1148.68,0.936763
38,1,2,724.748,1142.79,0.9099349999999999
38,1,3,677.843,1207.57,0.934634
38,1,4,689.615,1260.62,0.8275549999999999
38,1,5,836.601,1148.9,0.9096059999999999
38,1,6,830.931,1254.8,0.8780319999999999
38,1,7,742.45,1290.05,0.8976029999999999
38,1,8,789.607,1337.13,0.888497
38,1,9,754.068,1337.11,0.873837
38,1,10,724.537,1472.52,0.9396700000000001
38,1,11,701.233,1584.48,0.868732
38,1,12,830.746,1337.12,0.8867069999999999
38,1,13,866.136,1478.51,0.9850629999999999
38,1,14,913.072,1613.81,0.932792
38,1,15,754.183,1107.19,0.898609
38,1,16,777.634,1107.24,0.959436
38,1,17,736.441,1101.29,0.20253000000000002
38,1,18,813.086,1101.64,0.869177
38,1,19,871.788,1666.59,0.920952
38,1,20,901.464,1661.02,0.831931
38,1,21,918.935,1619.69,0.911441
38,1,22,683.407,1637.39,0.834135
38,1,23,665.716,1625.65,0.854618
38,1,24,718.712,1602,0.8157719999999999
38,2,0,0,0,0
38,2,1,2432.26,1731.65,0.8671059999999999
38,2,2,2526.5,1719.53,0.9301
38,2,3,2614.87,1766.69,0.939028
38,2,4,2514.59,1678.81,0.744956
38,2,5,2338.18,1760.8,0.8860239999999999
38,2,6,2285.29,1902.01,0.9067459999999999
38,2,7,2267.39,1837.49,0.8176439999999999
38,2,8,2467.44,1996.66,0.8255100000000001
38,2,9,2514.84,1996.26,0.8030649999999999
38,2,10,2473.64,2149.71,0.7023459999999999
38,2,11,2473.98,2149.86,0.0659428
38,2,12,2414.53,2002.62,0.784858
38,2,13,2408.65,2149.75,0.487473
38,2,14,0,0,0
38,2,15,0,0,0
38,2,16,0,0,0
38,2,17,2455.85,1619.57,0.808944
38,2,18,2373.08,1625.71,0.9295049999999999
38,2,19,0,0,0
38,2,20,0,0,0
38,2,21,0,0,0
38,2,22,0,0,0
38,2,23,0,0,0
38,2,24,2479.46,2149.9,0.0623643
39,0,0,1919.97,601.012,0.8577619999999999
39,0,1,1925.89,648.141,0.8660549999999999
39,0,2,1867.23,648.182,0.8619439999999999
39,0,3,1855.07,730.772,0.994143
39,0,4,1896.37,777.757,0.951021
39,0,5,1984.79,642.408,0.877668
39,0,6,1996.39,724.695,0.922207
39,0,7,1955.55,771.944,0.953511
39,0,8,1920.05,772.066,0.8675900000000001
39,0,9,1896.21,772.059,0.8801979999999999
39,0,10,1861.16,836.512,0.8060809999999999
39,0,11,1855.29,966.242,0.871979
39,0,12,1955.41,772.011,0.916464
39,0,13,1967.15,824.932,0.792596
39,0,14,1972.93,966.131,0.823728
39,0,15,1908.39,589.396,0.9498759999999999
39,0,16,1937.69,589.378,0.9060739999999999
39,0,17,1902.26,589.387,0.782795
39,0,18,1949.7,589.426,0.927978
39,0,19,1955.57,1007.11,0.687317
39,0,20,1990.69,1001.37,0.668087
39,0,21,1967.13,972.208,0.611987
39,0,22,1855.37,1007.44,0.705083
39,0,23,1831.7,1007.08,0.6332829999999999
39,0,24,1861.11,972.209,0.704494
39,1,0,754.14,1125.09,0.8439989999999999
39,1,1,777.642,1154.34,0.9470639999999999
39,1,2,724.62,1148.8,0.9313319999999999
39,1,3,671.651,1213.56,0.8704689999999999
39,1,4,683.789,1266.38,0.856437
39,1,5,830.716,1154.43,0.928859
39,1,6,830.669,1260.53,0.886073
39,1,7,736.628,1290.21,0.927581
39,1,8,789.458,1337.28,0.892338
39,1,9,748.241,1337.28,0.875921
39,1,10,718.816,1478.3,0.946168
39,1,11,683.476,1596.19,0.8995059999999999
39,1,12,830.596,1337.24,0.898791
39,1,13,866.033,1478.54,0.976236
39,1,14,913.033,1613.88,0.934179
39,1,15,736.568,1107.45,0.897378
39,1,16,771.679,1107.56,0.93632
39,1,17,724.934,1101.69,0.085578
39,1,18,801.316,1107.3,0.857045
39,1,19,871.668,1666.55,0.912276
39,1,20,901.271,1660.99,0.8183300000000001
39,1,21,918.932,1619.77,0.906072
39,1,22,677.478,1655.06,0.832405
39,1,23,642.358,1637.37,0.834715
39,1,24,689.34,1613.72,0.794989
39,2,0,0,0,0
39,2,1,2432.49,1725.63,0.874648
39,2,2,2526.6,1713.75,0.9152349999999999
39,2,3,2614.79,1755.23,0.8993479999999999
39,2,4,2514.86,1673.02,0.836965
39,2,5,2338.28,1754.98,0.865
39,2,6,2291.14,1896.39,0.8901249999999999
39,2,7,2273.15,1843.51,0.8445459999999999
39,2,8,2467.5,1990.62,0.8289869999999999
39,2,9,2514.9,1978.89,0.785991
39,2,10,2473.4,2149.69,0.764648
39,2,11,0,0,0
39,2,12,2414.63,1996.58,0.802449
39,2,13,2414.5,2149.74,0.615225
39,2,14,0,0,0
39,2,15,0,0,0
39,2,16,0,0,0
39,2,17,2461.73,1613.89,0.815051
39,2,18,2373.44,1619.94,0.9566509999999999
39,2,19,0,0,0
39,2,20,0,0,0
39,2,21,0,0,0
39,2,22,0,0,0
39,2,23,0,0,0
39,2,24,0,0,0
